texto_comentario;owner_username;timestamp;replies;likescount;shortcode;owner_username_norm;comment_timestamp;word_count;is_qualified;is_question;sentiment_label;sentiment_score;emotion_label;replies_list;replies_total;reply_depth_max;post_timestamp;delay_hours;delay_hour_bucket;is_verified
"""cara esse mulher não desisti""  o pensamento intrusivo do Silveira 😂😂😂😂😂😂😂";elisangelapessoa46;2025-07-07 01:35:18+00:00;[];1;DJ2nlbTpv68;elisangelapessoa46;2025-07-06 22:35:18-03:00;10;True;False;neutro;0;neutra;[];0;0;2025-05-19 20:27:17-03:00;1154.1336111111111;1154;False
Gente deixa ele em paz tadinho 😅 deu pra perceber que ele está desconfortável pela linguagem corporal;ajuliabicalho;2025-05-29 12:35:03+00:00;[];0;DJ2nlbTpv68;ajuliabicalho;2025-05-29 09:35:03-03:00;16;True;False;neutro;0;neutra;[];0;0;2025-05-19 20:27:17-03:00;229.12944444444443;229;False
Não tenho paciência com quem está começando;positivamentemorbido;2025-05-28 23:04:30+00:00;[];0;DJ2nlbTpv68;positivamentemorbido;2025-05-28 20:04:30-03:00;7;True;True;neutro;0;neutra;[];0;0;2025-05-19 20:27:17-03:00;215.62027777777777;215;False
ele é muito simpático! só é do jeitinho dele...;pedro.refe;2025-05-27 15:43:39+00:00;[];1;DJ2nlbTpv68;pedro.refe;2025-05-27 12:43:39-03:00;9;True;False;neutro;0;neutra;[];0;0;2025-05-19 20:27:17-03:00;184.27277777777778;184;False
Um saco, ninguém me deixa mais dormir em paz nessa faculdade poxa!😂😂;namaste.com_;2025-05-26 21:52:12+00:00;[];1;DJ2nlbTpv68;namaste.com_;2025-05-26 18:52:12-03:00;12;True;False;neutro;0;neutra;[];0;0;2025-05-19 20:27:17-03:00;166.4152777777778;166;True
@elisangelapessoa46 😂;ateliefogo;2025-07-19 17:48:33+00:00;[];0;DJ2nlbTpv68;ateliefogo;2025-07-19 14:48:33-03:00;1;False;False;neutro;0;neutra;[];0;0;2025-05-19 20:27:17-03:00;1458.3544444444444;1458;False
alguém que remova enxame em cidades da região? Sou de Paraíso do Sul e tem um enxame na caixa do forro do meu quarto (fácil remoção). O forro é baixo e fica em local de circulação da casa.;robertakt;2025-05-21 00:59:33+00:00;"[{""id"": ""18356692771177643"", ""text"": ""@robertakt entra em contato com a Apismar de Santa Maria que eles podem te ajudar 😉"", ""ownerUsername"": ""m_silvia_de_oliveira"", ""ownerProfilePicUrl"": ""https://scontent-ord5-1.cdninstagram.com/v/t51.2885-19/424428152_1428401134700627_8239469392794303018_n.jpg?stp=dst-jpg_s150x150_tt6&efg=eyJ2ZW5jb2RlX3RhZyI6InByb2ZpbGVfcGljLmRqYW5nby43NjguYzIifQ&_nc_ht=scontent-ord5-1.cdninstagram.com&_nc_cat=111&_nc_oc=Q6cZ2gFjMgY6MP32bIuy1lqBn7sVZx-0OGx5eKLNEfbQw4sTqVRCc4RMHKGeNt0fiKxMl8U&_nc_ohc=efCT2fKXEFoQ7kNvwGj7iUt&_nc_gid=opew1hwa719JLKWZEkQezQ&edm=APs17CUBAAAA&ccb=7-5&oh=00_Af2azHF-gIE1LlCmFlrt5XNkATb4t7KwrroxRH8b3edZrg&oe=69E95D48&_nc_sid=10d13b"", ""timestamp"": ""2025-05-21T14:06:24.000Z"", ""repliesCount"": 0, ""replies"": [], ""likesCount"": 0, ""owner"": {""id"": ""48014476183"", ""is_verified"": false, ""profile_pic_url"": ""https://scontent-ord5-1.cdninstagram.com/v/t51.2885-19/424428152_1428401134700627_8239469392794303018_n.jpg?stp=dst-jpg_s150x150_tt6&efg=eyJ2ZW5jb2RlX3RhZyI6InByb2ZpbGVfcGljLmRqYW5nby43NjguYzIifQ&_nc_ht=scontent-ord5-1.cdninstagram.com&_nc_cat=111&_nc_oc=Q6cZ2gFjMgY6MP32bIuy1lqBn7sVZx-0OGx5eKLNEfbQw4sTqVRCc4RMHKGeNt0fiKxMl8U&_nc_ohc=efCT2fKXEFoQ7kNvwGj7iUt&_nc_gid=opew1hwa719JLKWZEkQezQ&edm=APs17CUBAAAA&ccb=7-5&oh=00_Af2azHF-gIE1LlCmFlrt5XNkATb4t7KwrroxRH8b3edZrg&oe=69E95D48&_nc_sid=10d13b"", ""username"": ""m_silvia_de_oliveira""}}, {""id"": ""18035295143643680"", ""text"": ""@m_silvia_de_oliveira ta bem! Obrigada!!"", ""ownerUsername"": ""robertakt"", ""ownerProfilePicUrl"": ""https://scontent-ord5-2.cdninstagram.com/v/t51.82787-19/658154824_18575438500052536_8984032144583782899_n.jpg?stp=dst-jpg_s150x150_tt6&efg=eyJ2ZW5jb2RlX3RhZyI6InByb2ZpbGVfcGljLmRqYW5nby4xMDgwLmMyIn0&_nc_ht=scontent-ord5-2.cdninstagram.com&_nc_cat=104&_nc_oc=Q6cZ2gFjMgY6MP32bIuy1lqBn7sVZx-0OGx5eKLNEfbQw4sTqVRCc4RMHKGeNt0fiKxMl8U&_nc_ohc=A87vLqjQt-cQ7kNvwH_PfjI&_nc_gid=opew1hwa719JLKWZEkQezQ&edm=APs17CUBAAAA&ccb=7-5&oh=00_Af3V9XQ-_Ny_GSJRFItpji6nd__D2P5k1l8w9JQXBsXBYQ&oe=69E961B4&_nc_sid=10d13b"", ""timestamp"": ""2025-05-21T14:12:37.000Z"", ""repliesCount"": 0, ""replies"": [], ""likesCount"": 1, ""owner"": {""id"": ""462772535"", ""is_verified"": false, ""profile_pic_url"": ""https://scontent-ord5-2.cdninstagram.com/v/t51.82787-19/658154824_18575438500052536_8984032144583782899_n.jpg?stp=dst-jpg_s150x150_tt6&efg=eyJ2ZW5jb2RlX3RhZyI6InByb2ZpbGVfcGljLmRqYW5nby4xMDgwLmMyIn0&_nc_ht=scontent-ord5-2.cdninstagram.com&_nc_cat=104&_nc_oc=Q6cZ2gFjMgY6MP32bIuy1lqBn7sVZx-0OGx5eKLNEfbQw4sTqVRCc4RMHKGeNt0fiKxMl8U&_nc_ohc=A87vLqjQt-cQ7kNvwH_PfjI&_nc_gid=opew1hwa719JLKWZEkQezQ&edm=APs17CUBAAAA&ccb=7-5&oh=00_Af3V9XQ-_Ny_GSJRFItpji6nd__D2P5k1l8w9JQXBsXBYQ&oe=69E961B4&_nc_sid=10d13b"", ""username"": ""robertakt""}}]";0;DJ48NUpJ544;robertakt;2025-05-20 21:59:33-03:00;38;True;True;neutro;0;duvida;[{'id': '18356692771177643', 'text': '@robertakt entra em contato com a Apismar de Santa Maria que eles podem te ajudar 😉', 'ownerUsername': 'm_silvia_de_oliveira', 'ownerProfilePicUrl': 'https://scontent-ord5-1.cdninstagram.com/v/t51.2885-19/424428152_1428401134700627_8239469392794303018_n.jpg?stp=dst-jpg_s150x150_tt6&efg=eyJ2ZW5jb2RlX3RhZyI6InByb2ZpbGVfcGljLmRqYW5nby43NjguYzIifQ&_nc_ht=scontent-ord5-1.cdninstagram.com&_nc_cat=111&_nc_oc=Q6cZ2gFjMgY6MP32bIuy1lqBn7sVZx-0OGx5eKLNEfbQw4sTqVRCc4RMHKGeNt0fiKxMl8U&_nc_ohc=efCT2fKXEFoQ7kNvwGj7iUt&_nc_gid=opew1hwa719JLKWZEkQezQ&edm=APs17CUBAAAA&ccb=7-5&oh=00_Af2azHF-gIE1LlCmFlrt5XNkATb4t7KwrroxRH8b3edZrg&oe=69E95D48&_nc_sid=10d13b', 'timestamp': '2025-05-21T14:06:24.000Z', 'repliesCount': 0, 'replies': [], 'likesCount': 0, 'owner': {'id': '48014476183', 'is_verified': False, 'profile_pic_url': 'https://scontent-ord5-1.cdninstagram.com/v/t51.2885-19/424428152_1428401134700627_8239469392794303018_n.jpg?stp=dst-jpg_s150x150_tt6&efg=eyJ2ZW5jb2RlX3RhZyI6InByb2ZpbGVfcGljLmRqYW5nby43NjguYzIifQ&_nc_ht=scontent-ord5-1.cdninstagram.com&_nc_cat=111&_nc_oc=Q6cZ2gFjMgY6MP32bIuy1lqBn7sVZx-0OGx5eKLNEfbQw4sTqVRCc4RMHKGeNt0fiKxMl8U&_nc_ohc=efCT2fKXEFoQ7kNvwGj7iUt&_nc_gid=opew1hwa719JLKWZEkQezQ&edm=APs17CUBAAAA&ccb=7-5&oh=00_Af2azHF-gIE1LlCmFlrt5XNkATb4t7KwrroxRH8b3edZrg&oe=69E95D48&_nc_sid=10d13b', 'username': 'm_silvia_de_oliveira'}}, {'id': '18035295143643680', 'text': '@m_silvia_de_oliveira ta bem! Obrigada!!', 'ownerUsername': 'robertakt', 'ownerProfilePicUrl': 'https://scontent-ord5-2.cdninstagram.com/v/t51.82787-19/658154824_18575438500052536_8984032144583782899_n.jpg?stp=dst-jpg_s150x150_tt6&efg=eyJ2ZW5jb2RlX3RhZyI6InByb2ZpbGVfcGljLmRqYW5nby4xMDgwLmMyIn0&_nc_ht=scontent-ord5-2.cdninstagram.com&_nc_cat=104&_nc_oc=Q6cZ2gFjMgY6MP32bIuy1lqBn7sVZx-0OGx5eKLNEfbQw4sTqVRCc4RMHKGeNt0fiKxMl8U&_nc_ohc=A87vLqjQt-cQ7kNvwH_PfjI&_nc_gid=opew1hwa719JLKWZEkQezQ&edm=APs17CUBAAAA&ccb=7-5&oh=00_Af3V9XQ-_Ny_GSJRFItpji6nd__D2P5k1l8w9JQXBsXBYQ&oe=69E961B4&_nc_sid=10d13b', 'timestamp': '2025-05-21T14:12:37.000Z', 'repliesCount': 0, 'replies': [], 'likesCount': 1, 'owner': {'id': '462772535', 'is_verified': False, 'profile_pic_url': 'https://scontent-ord5-2.cdninstagram.com/v/t51.82787-19/658154824_18575438500052536_8984032144583782899_n.jpg?stp=dst-jpg_s150x150_tt6&efg=eyJ2ZW5jb2RlX3RhZyI6InByb2ZpbGVfcGljLmRqYW5nby4xMDgwLmMyIn0&_nc_ht=scontent-ord5-2.cdninstagram.com&_nc_cat=104&_nc_oc=Q6cZ2gFjMgY6MP32bIuy1lqBn7sVZx-0OGx5eKLNEfbQw4sTqVRCc4RMHKGeNt0fiKxMl8U&_nc_ohc=A87vLqjQt-cQ7kNvwH_PfjI&_nc_gid=opew1hwa719JLKWZEkQezQ&edm=APs17CUBAAAA&ccb=7-5&oh=00_Af3V9XQ-_Ny_GSJRFItpji6nd__D2P5k1l8w9JQXBsXBYQ&oe=69E961B4&_nc_sid=10d13b', 'username': 'robertakt'}}];2;1;2025-05-20 20:00:00-03:00;1.9925;1;False
👏👏👏👏👏;mathias_ilnicki;2025-05-20 23:40:39+00:00;[];0;DJ48NUpJ544;mathias_ilnicki;2025-05-20 20:40:39-03:00;0;False;False;neutro;0;neutra;[];0;0;2025-05-20 20:00:00-03:00;0.6775;0;False
👏👏🐝;victor_souzas1;2025-05-20 23:31:39+00:00;[];0;DJ48NUpJ544;victor_souzas1;2025-05-20 20:31:39-03:00;0;False;False;neutro;0;neutra;[];0;0;2025-05-20 20:00:00-03:00;0.5275;0;False
👏👏👏;ffmeliponario;2025-05-20 23:18:18+00:00;[];0;DJ48NUpJ544;ffmeliponario;2025-05-20 20:18:18-03:00;0;False;False;neutro;0;neutra;[];0;0;2025-05-20 20:00:00-03:00;0.305;0;False
👏👏;gabiamendess;2025-05-20 23:14:10+00:00;[];0;DJ48NUpJ544;gabiamendess;2025-05-20 20:14:10-03:00;0;False;False;neutro;0;neutra;[];0;0;2025-05-20 20:00:00-03:00;0.2361111111111111;0;False
👏👏🐝🐝;mocellinjessica;2025-05-20 23:12:58+00:00;[];0;DJ48NUpJ544;mocellinjessica;2025-05-20 20:12:58-03:00;0;False;False;neutro;0;neutra;[];0;0;2025-05-20 20:00:00-03:00;0.21611111111111111;0;False
👏👏👏👏;pedropmoro;2025-05-20 23:00:46+00:00;[];0;DJ48NUpJ544;pedropmoro;2025-05-20 20:00:46-03:00;0;False;False;neutro;0;neutra;[];0;0;2025-05-20 20:00:00-03:00;0.012777777777777779;0;False
@robertakt entra em contato com a Apismar de Santa Maria que eles podem te ajudar 😉;m_silvia_de_oliveira;2025-05-21 14:06:24+00:00;[];0;DJ48NUpJ544;m_silvia_de_oliveira;2025-05-21 11:06:24-03:00;15;True;False;neutro;0;neutra;[];0;0;2025-05-20 20:00:00-03:00;15.106666666666667;15;False
@m_silvia_de_oliveira ta bem! Obrigada!!;robertakt;2025-05-21 14:12:37+00:00;[];1;DJ48NUpJ544;robertakt;2025-05-21 11:12:37-03:00;4;False;False;neutro;0;neutra;[];0;0;2025-05-20 20:00:00-03:00;15.210277777777778;15;False
Silveira está com um nível tão alto de sobrepeso que, desse jeito, não vai durar muito... estão entupindo ele de comida, sem controle nenhum, e assim acabando com o restinho de disposição e saúde que lhe resta😔;mafeliciasouza;2025-07-07 13:22:41+00:00;[];0;DJ4ofY6Jf56;mafeliciasouza;2025-07-07 10:22:41-03:00;37;True;False;neutro;0;neutra;[];0;0;2025-05-20 15:08:31-03:00;1147.236111111111;1147;False
Nossa, ele tá fazendo odontologia então?;ratonolixo;2025-06-12 14:48:45+00:00;[];0;DJ4ofY6Jf56;ratonolixo;2025-06-12 11:48:45-03:00;6;False;True;neutro;0;duvida;[];0;0;2025-05-20 15:08:31-03:00;548.6705555555556;548;False
👏👏👏👏👏lindo;anapaulalopes2022;2025-06-04 01:21:17+00:00;[];0;DJ4ofY6Jf56;anapaulalopes2022;2025-06-03 22:21:17-03:00;1;False;False;positivo;1;entusiasmo;[];0;0;2025-05-20 15:08:31-03:00;343.2127777777778;343;False
❤️❤️❤️;julianacorreatl;2025-05-30 17:53:59+00:00;[];0;DJ4ofY6Jf56;julianacorreatl;2025-05-30 14:53:59-03:00;0;False;False;neutro;0;neutra;[];0;0;2025-05-20 15:08:31-03:00;239.7577777777778;239;False
@mantel_d3 @felipebogornivieira;luisa_mantelle;2025-05-30 14:26:29+00:00;[];0;DJ4ofY6Jf56;luisa_mantelle;2025-05-30 11:26:29-03:00;2;False;False;neutro;0;neutra;[];0;0;2025-05-20 15:08:31-03:00;236.29944444444445;236;False
Esse poderia e deveria ser um grande exemplo para a @ufoboficial . Quando estudante ouvi muita coisa que não deveria por alimentar os gatos e cachorros. O mesmo com alguns colegas. Por sorte alguns professores nos apoiaram. a questão dos animais corriqueiramente abandonados próximo ao Campi Prainha poderia ser abordada de forma muito mais incisiva, inclusiva e pública do que é hoje, mesmo que desde o meu tempo de universidade tenha havido avanços.;lipaojs;2025-05-30 10:47:50+00:00;[];0;DJ4ofY6Jf56;lipaojs;2025-05-30 07:47:50-03:00;72;True;True;neutro;0;duvida;[];0;0;2025-05-20 15:08:31-03:00;232.65527777777777;232;False
A foto dele novinho 😭😭😭;kamilakroliveira;2025-05-29 23:50:27+00:00;[];0;DJ4ofY6Jf56;kamilakroliveira;2025-05-29 20:50:27-03:00;4;False;False;neutro;0;neutra;[];0;0;2025-05-20 15:08:31-03:00;221.6988888888889;221;False
Eu amo esse doguinhooo ❤️❤️;rafalbell;2025-05-27 11:04:31+00:00;[];0;DJ4ofY6Jf56;rafalbell;2025-05-27 08:04:31-03:00;4;False;False;neutro;0;neutra;[];0;0;2025-05-20 15:08:31-03:00;160.93333333333334;160;False
❤️❤️❤️;albummbel;2025-05-26 21:25:31+00:00;[];0;DJ4ofY6Jf56;albummbel;2025-05-26 18:25:31-03:00;0;False;False;neutro;0;neutra;[];0;0;2025-05-20 15:08:31-03:00;147.28333333333333;147;False
O Silveira atropelando o regime. 😂😂😂😂😂❤️❤️❤️❤️❤️;fulvia_macnogsabino;2025-05-29 10:13:08+00:00;[];0;DJ4xlSdy-3m;fulvia_macnogsabino;2025-05-29 07:13:08-03:00;5;False;False;neutro;0;neutra;[];0;0;2025-05-20 16:27:58-03:00;206.75277777777777;206;False
😂;alesssndro.blues;2025-05-26 12:51:25+00:00;[];1;DJ4xlSdy-3m;alesssndro.blues;2025-05-26 09:51:25-03:00;0;False;False;neutro;0;neutra;[];0;0;2025-05-20 16:27:58-03:00;137.39083333333335;137;False
😂😍❤️;vera.b.franco.7;2025-05-25 15:15:03+00:00;[];1;DJ4xlSdy-3m;vera.b.franco.7;2025-05-25 12:15:03-03:00;0;False;False;neutro;0;neutra;[];0;0;2025-05-20 16:27:58-03:00;115.78472222222223;115;False
😻😻😻🫶🏼🫶🏼🫶🏼🫶🏼;margarita_nildanilda;2025-05-24 11:43:53+00:00;[];1;DJ4xlSdy-3m;margarita_nildanilda;2025-05-24 08:43:53-03:00;0;False;False;neutro;0;neutra;[];0;0;2025-05-20 16:27:58-03:00;88.26527777777778;88;False
Muito lindinho 😍;prado.zaida;2025-05-23 15:15:13+00:00;[];1;DJ4xlSdy-3m;prado.zaida;2025-05-23 12:15:13-03:00;2;False;False;neutro;0;neutra;[];0;0;2025-05-20 16:27:58-03:00;67.7875;67;False
Isso não é de hoje meu caro aumigo.... Desde a minha época..... Meados de 2013 😮😮;stefanellomarianna;2025-05-22 14:18:17+00:00;[];1;DJ4xlSdy-3m;stefanellomarianna;2025-05-22 11:18:17-03:00;15;True;False;neutro;0;neutra;[];0;0;2025-05-20 16:27:58-03:00;42.83861111111111;42;False
Essa foto do Silveira com a banana é o cúmulo da fofura;bina.bina._;2025-05-22 12:45:13+00:00;[];4;DJ4xlSdy-3m;bina.bina._;2025-05-22 09:45:13-03:00;12;True;False;neutro;0;neutra;[];0;0;2025-05-20 16:27:58-03:00;41.2875;41;False
Magrinho Silveira, kk😍😂;aires.adriana;2025-05-21 21:19:01+00:00;[];1;DJ4xlSdy-3m;aires.adriana;2025-05-21 18:19:01-03:00;3;False;False;neutro;0;neutra;[];0;0;2025-05-20 16:27:58-03:00;25.850833333333334;25;False
Sil ❤️;djarts_8;2025-06-26 23:27:38+00:00;[];0;DJ5AkVwJLXy;djarts_8;2025-06-26 20:27:38-03:00;1;False;False;neutro;0;neutra;[];0;0;2025-05-20 18:41:24-03:00;889.7705555555556;889;False
😍😍😍😍;alexandrecarvalhorodrigues1975;2025-05-26 18:11:16+00:00;[];0;DJ5AkVwJLXy;alexandrecarvalhorodrigues1975;2025-05-26 15:11:16-03:00;0;False;False;neutro;0;neutra;[];0;0;2025-05-20 18:41:24-03:00;140.49777777777777;140;False
Que São Francisco projeta a esse Fofucho e também a todos os bichinhos que vivem em situações de rua! 👏🏽🙌🏾;zorrobarcelos;2025-05-26 02:24:12+00:00;[];0;DJ5AkVwJLXy;zorrobarcelos;2025-05-25 23:24:12-03:00;19;True;False;neutro;0;neutra;[];0;0;2025-05-20 18:41:24-03:00;124.71333333333334;124;False
Que atitude linda ! Zelar por nossos irmãos menores agradam a Deus ! E eles são tão amáveis e fies . Nossos melhores amigos de verdade ! Sigo a todos e o Silveira merece ! Não só ele mas a todos animais ! Principalmente os abandonados de ruas ! Amo esses seres ! Deus abençoe a todos que os respeitam . Maravilhoso exemplo ! 😘❤️🙏🌹🌹🌹;rosa_carvalho1rosa_carvalho;2025-05-25 00:11:20+00:00;[];0;DJ5AkVwJLXy;rosa_carvalho1rosa_carvalho;2025-05-24 21:11:20-03:00;54;True;False;positivo;1;entusiasmo;[];0;0;2025-05-20 18:41:24-03:00;98.49888888888889;98;False
😍❤️;gislaine7166;2025-05-24 22:33:51+00:00;[];0;DJ5AkVwJLXy;gislaine7166;2025-05-24 19:33:51-03:00;0;False;False;neutro;0;neutra;[];0;0;2025-05-20 18:41:24-03:00;96.87416666666667;96;False
Amo cachorro que o corpo engorda e a cabeça fica pequena..kkkkmuito fofo;luizasomenteluiza;2025-05-24 19:18:41+00:00;[];0;DJ5AkVwJLXy;luizasomenteluiza;2025-05-24 16:18:41-03:00;13;True;False;neutro;0;neutra;[];0;0;2025-05-20 18:41:24-03:00;93.62138888888889;93;False
Mais uma seguidora🙋🏼‍♀️;clicia__batista;2025-05-24 16:32:07+00:00;[];0;DJ5AkVwJLXy;clicia__batista;2025-05-24 13:32:07-03:00;3;False;False;neutro;0;neutra;[];0;0;2025-05-20 18:41:24-03:00;90.84527777777778;90;False
Lindo demais!;mariaisoel;2025-05-24 13:41:55+00:00;[];0;DJ5AkVwJLXy;mariaisoel;2025-05-24 10:41:55-03:00;2;False;False;positivo;1;entusiasmo;[];0;0;2025-05-20 18:41:24-03:00;88.00861111111111;88;False
Carisma surreal😍;fran_azevedo2009;2025-05-24 12:25:12+00:00;[];0;DJ5AkVwJLXy;fran_azevedo2009;2025-05-24 09:25:12-03:00;2;False;False;neutro;0;neutra;[];0;0;2025-05-20 18:41:24-03:00;86.73;86;False
@pedro.henriqueteixeira boa;djarts_8;2025-06-26 23:27:05+00:00;[];1;DJ5AkVwJLXy;djarts_8;2025-06-26 20:27:05-03:00;3;False;False;positivo;1;neutra;[];0;0;2025-05-20 18:41:24-03:00;889.7613888888889;889;False
Amado;mariadagraca.cruz;2025-07-17 15:40:05+00:00;[];0;DJ5J9TCJBVJ;mariadagraca.cruz;2025-07-17 12:40:05-03:00;1;False;False;neutro;0;neutra;[];0;0;2025-05-20 17:22:15-03:00;1387.2972222222222;1387;False
Muito trabalho pra o Pró-reitor!;poliperros;2025-07-16 20:39:39+00:00;[];3;DJ5J9TCJBVJ;poliperros;2025-07-16 17:39:39-03:00;6;False;False;neutro;0;neutra;[];0;0;2025-05-20 17:22:15-03:00;1368.29;1368;True
🥹 los @poliperros versión Brasileña 👏🏻👏🏻👏🏻;rosescobarvalen;2025-07-16 20:38:20+00:00;[];1;DJ5J9TCJBVJ;rosescobarvalen;2025-07-16 17:38:20-03:00;4;False;False;neutro;0;neutra;[];0;0;2025-05-20 17:22:15-03:00;1368.2680555555555;1368;False
Ele tava dodoi,melhorou?;silmanfre25;2025-06-25 12:25:15+00:00;[];0;DJ5J9TCJBVJ;silmanfre25;2025-06-25 09:25:15-03:00;4;False;True;neutro;0;duvida;[];0;0;2025-05-20 17:22:15-03:00;856.05;856;False
Gente, é só o primo assumindo seu lugar de direito na história da UFSM.;bibianasilveira.art;2025-06-13 18:41:19+00:00;[];0;DJ5J9TCJBVJ;bibianasilveira.art;2025-06-13 15:41:19-03:00;14;True;False;neutro;0;neutra;[];0;0;2025-05-20 17:22:15-03:00;574.3177777777778;574;False
Silveira Podrão operário padrão ops rimei 😍🐾🐾🐾;lolo_tres_chic;2025-06-10 14:09:28+00:00;[];0;DJ5J9TCJBVJ;lolo_tres_chic;2025-06-10 11:09:28-03:00;6;False;False;neutro;0;neutra;[];0;0;2025-05-20 17:22:15-03:00;497.78694444444443;497;False
❤️❤️❤️❤️😍😍😍;carlaveiga5;2025-06-10 12:24:23+00:00;[];0;DJ5J9TCJBVJ;carlaveiga5;2025-06-10 09:24:23-03:00;0;False;False;neutro;0;neutra;[];0;0;2025-05-20 17:22:15-03:00;496.03555555555556;496;False
Amado;geanefedrigo;2025-06-01 23:53:09+00:00;[];0;DJ5J9TCJBVJ;geanefedrigo;2025-06-01 20:53:09-03:00;1;False;False;neutro;0;neutra;[];0;0;2025-05-20 17:22:15-03:00;291.515;291;False
Votarei na Chapa que manterá o @silveirapodrao como pró-reitor!!;ninadalmaso;2025-05-21 18:35:17+00:00;[];0;DJ630KnRcyp;ninadalmaso;2025-05-21 15:35:17-03:00;10;True;True;neutro;0;neutra;[];0;0;2025-05-21 12:00:00-03:00;3.5880555555555556;3;False
👏👏👏;proficiencia.ufj;2025-06-04 01:55:42+00:00;[];0;DJ6unk6RCfx;proficiencia.ufj;2025-06-03 22:55:42-03:00;0;False;False;neutro;0;neutra;[];0;0;2025-05-21 10:40:33-03:00;324.2525;324;True
Realmente ele sabe que vc quer chegar;igorxpreto;2025-07-20 16:28:57+00:00;[];0;DJ7jekBJKgG;igorxpreto;2025-07-20 13:28:57-03:00;7;True;False;neutro;0;duvida;[];0;0;2025-05-21 18:30:16-03:00;1434.9780555555556;1434;False
"A cara dele ""esse cara é chato mano"" 😂😍";elisangelapessoa46;2025-07-03 23:03:52+00:00;[];0;DJ7jekBJKgG;elisangelapessoa46;2025-07-03 20:03:52-03:00;8;True;False;negativo;-1;neutra;[];0;0;2025-05-21 18:30:16-03:00;1033.56;1033;False
Isso ficou muito bom👏😂;deboraberly;2025-06-04 03:53:11+00:00;[];0;DJ7jekBJKgG;deboraberly;2025-06-04 00:53:11-03:00;4;False;False;positivo;1;neutra;[];0;0;2025-05-21 18:30:16-03:00;318.38194444444446;318;False
😂😍❤️;elen.mendonca.silva;2025-06-03 02:51:43+00:00;[];0;DJ7jekBJKgG;elen.mendonca.silva;2025-06-02 23:51:43-03:00;0;False;False;neutro;0;neutra;[];0;0;2025-05-21 18:30:16-03:00;293.3575;293;False
Quantos kilos ele pesa?;alinedalcimdossantos;2025-06-01 23:09:48+00:00;[];0;DJ7jekBJKgG;alinedalcimdossantos;2025-06-01 20:09:48-03:00;4;False;True;neutro;0;duvida;[];0;0;2025-05-21 18:30:16-03:00;265.6588888888889;265;False
@indy_ces 👏👏;ateliefogo;2025-07-19 17:45:08+00:00;[];0;DJ7jekBJKgG;ateliefogo;2025-07-19 14:45:08-03:00;1;False;False;neutro;0;neutra;[];0;0;2025-05-21 18:30:16-03:00;1412.2477777777779;1412;False
"A @luizi.jovasque defendeu a pouco sua dissertação de mestrado no @poscomufsm sobre ""A cultura extensionista e o reconhecimento nacional das revistas científicas nacionais de extensão"". Recomendo a leitura! Ela faz uma retrospectiva cronologica da história da extensão, além de ter realizado entrevistas com pesquisadores de extensão, com dados riquíssimos!";biancamanfrin;2025-05-22 16:54:19+00:00;[];1;DJ7XmcexhRk;biancamanfrin;2025-05-22 13:54:19-03:00;50;True;False;neutro;0;neutra;[];0;0;2025-05-21 16:38:40-03:00;21.260833333333334;21;False
Tomara que isso não retroceda. Ter feito meu estágio em uma comunidade da reciclagem aos trancos e barrancos e realizado a produção artística do meu TCC na mesma foi um sopro coletivo . A extensão precisa soprar nos acadêmicos esse muco de existência coletiva na contemporaneidade, é vital. Ter levado a banca do TCC na reciclagem foi outro mover coletivo. Lá éramos todos, todas e todes protagonistas, principalmente a comunidade que acolheu o estágio e a produção artística. O olhar coletivo precisa andar junto, desde toda graduação, sem hierarquia, horizontal. Aí sim, a extensão pode se tornar realmente coletiva. Só parecer não basta mais!;cris54687;2025-05-22 11:14:57+00:00;[];3;DJ7XmcexhRk;cris54687;2025-05-22 08:14:57-03:00;103;True;False;neutro;0;neutra;[];0;0;2025-05-21 16:38:40-03:00;15.604722222222222;15;False
❤️👏👏👏;joseluzardocruzbrum;2025-05-22 10:14:18+00:00;[];0;DJ7XmcexhRk;joseluzardocruzbrum;2025-05-22 07:14:18-03:00;0;False;False;neutro;0;neutra;[];0;0;2025-05-21 16:38:40-03:00;14.59388888888889;14;False
❤️ tá lindo!;jacielesell;2025-05-22 03:03:13+00:00;[];0;DJ7XmcexhRk;jacielesell;2025-05-22 00:03:13-03:00;2;False;False;positivo;1;entusiasmo;[];0;0;2025-05-21 16:38:40-03:00;7.409166666666667;7;False
👏👏👏🔥🔥🔥;yasmeirlles;2025-05-22 00:47:48+00:00;[];0;DJ7XmcexhRk;yasmeirlles;2025-05-21 21:47:48-03:00;0;False;False;neutro;0;neutra;[];0;0;2025-05-21 16:38:40-03:00;5.152222222222222;5;False
👏👏👏;livschrm;2025-05-21 19:48:57+00:00;[];0;DJ7XmcexhRk;livschrm;2025-05-21 16:48:57-03:00;0;False;False;neutro;0;neutra;[];0;0;2025-05-21 16:38:40-03:00;0.1713888888888889;0;False
👏👏;odouglasjardim;2025-05-21 19:45:54+00:00;[];0;DJ7XmcexhRk;odouglasjardim;2025-05-21 16:45:54-03:00;0;False;False;neutro;0;neutra;[];0;0;2025-05-21 16:38:40-03:00;0.12055555555555555;0;False
👏👏;eduardakenner;2025-05-21 19:45:10+00:00;[];0;DJ7XmcexhRk;eduardakenner;2025-05-21 16:45:10-03:00;0;False;False;neutro;0;neutra;[];0;0;2025-05-21 16:38:40-03:00;0.10833333333333334;0;False
Evento maravilhoso, que proporcionou a ampliação do conhecimento sobre o Turismo e a troca de experiências! Pena que a chuva impediu as visitas técnicas, mas a organização do evento foi perfeita! 😍👏👏👏👏👏;alineecotur;2025-05-29 01:27:48+00:00;[];0;DJ7ZoL4J2l-;alineecotur;2025-05-28 22:27:48-03:00;31;True;False;positivo;1;entusiasmo;[];0;0;2025-05-21 17:00:15-03:00;173.45916666666668;173;False
👏;bernardo_fischer2004;2025-05-23 23:45:34+00:00;[];0;DJ7ZoL4J2l-;bernardo_fischer2004;2025-05-23 20:45:34-03:00;0;False;False;neutro;0;neutra;[];0;0;2025-05-21 17:00:15-03:00;51.75527777777778;51;False
👏;_.jeds;2025-05-23 00:43:01+00:00;[];0;DJ7ZoL4J2l-;_.jeds;2025-05-22 21:43:01-03:00;0;False;False;neutro;0;neutra;[];0;0;2025-05-21 17:00:15-03:00;28.712777777777777;28;False
👏👏👏;anagrxavier;2025-05-22 23:25:21+00:00;[];1;DJ7ZoL4J2l-;anagrxavier;2025-05-22 20:25:21-03:00;0;False;False;neutro;0;neutra;[];0;0;2025-05-21 17:00:15-03:00;27.418333333333333;27;False
Na região norte, na UFAM estamos nós, o Projeto Náufragos (@projetonaufragos)! Marca a gente aí!!!!!!!!!!😍;projetonaufragos;2025-06-01 14:38:02+00:00;[];3;DJ90M-cvd_9;projetonaufragos;2025-06-01 11:38:02-03:00;15;True;False;neutro;0;neutra;[];0;0;2025-05-22 15:27:04-03:00;236.18277777777777;236;False
👏👏👏👏;castracaouern;2025-05-31 11:53:01+00:00;[];0;DJ90M-cvd_9;castracaouern;2025-05-31 08:53:01-03:00;0;False;False;neutro;0;neutra;[];0;0;2025-05-22 15:27:04-03:00;209.4325;209;False
Parabéns ao perfil e gestores :);guirubenich;2025-05-28 20:15:29+00:00;[];0;DJ90M-cvd_9;guirubenich;2025-05-28 17:15:29-03:00;5;False;False;positivo;1;entusiasmo;[];0;0;2025-05-22 15:27:04-03:00;145.80694444444444;145;False
Indicando o projeto @doguineos_ufcao, da UFCA;nanicamartins;2025-05-26 15:14:35+00:00;[];1;DJ90M-cvd_9;nanicamartins;2025-05-26 12:14:35-03:00;6;False;False;neutro;0;neutra;[];0;0;2025-05-22 15:27:04-03:00;92.79194444444444;92;False
👏👏👏👏👏👏👏;kharlarabelo;2025-05-25 19:52:01+00:00;[];0;DJ90M-cvd_9;kharlarabelo;2025-05-25 16:52:01-03:00;0;False;False;neutro;0;neutra;[];0;0;2025-05-22 15:27:04-03:00;73.41583333333334;73;False
@ufcspaoficial coloca o @patinhasdoinstituto por favor!! Região Nordeste IFCE - Campus Fortaleza;patinhasdoinstituto;2025-05-25 18:28:16+00:00;[];0;DJ90M-cvd_9;patinhasdoinstituto;2025-05-25 15:28:16-03:00;11;True;False;neutro;0;neutra;[];0;0;2025-05-22 15:27:04-03:00;72.02;72;False
Silveira vc é lindo demais o Rio de Janeiro te ama❤️;miriamgs.gs;2025-05-25 09:02:23+00:00;[];0;DJ90M-cvd_9;miriamgs.gs;2025-05-25 06:02:23-03:00;11;True;False;positivo;1;entusiasmo;[];0;0;2025-05-22 15:27:04-03:00;62.58861111111111;62;False
Em Londrina/Pr tem o projeto @projetopepa na UTFPR que cuida de varios animais e ainda ajuda a encontrar animais desaparecidos;amandapicoli_;2025-05-24 19:53:23+00:00;[];2;DJ90M-cvd_9;amandapicoli_;2025-05-24 16:53:23-03:00;21;True;False;neutro;0;neutra;[];0;0;2025-05-22 15:27:04-03:00;49.43861111111111;49;False
Prometa;kaue_escobar__;2025-05-24 16:17:56+00:00;[];0;DJ9bfPfRMcs;kaue_escobar__;2025-05-24 13:17:56-03:00;1;False;False;neutro;0;neutra;[];0;0;2025-05-22 11:53:50-03:00;49.401666666666664;49;False
Kkkkkkkkk arrasou, Rone!;madjiguene_rangel;2025-05-24 14:43:04+00:00;[];0;DJ9bfPfRMcs;madjiguene_rangel;2025-05-24 11:43:04-03:00;3;False;False;neutro;0;neutra;[];0;0;2025-05-22 11:53:50-03:00;47.82055555555556;47;False
Tem que ter legenda 😂😂😂😂;limarosangeladacosta;2025-05-23 17:38:44+00:00;[];0;DJ9bfPfRMcs;limarosangeladacosta;2025-05-23 14:38:44-03:00;4;False;False;neutro;0;neutra;[];0;0;2025-05-22 11:53:50-03:00;26.748333333333335;26;False
Lacration 👏👏;perdigones3;2025-05-23 16:47:22+00:00;[];0;DJ9bfPfRMcs;perdigones3;2025-05-23 13:47:22-03:00;1;False;False;neutro;0;neutra;[];0;0;2025-05-22 11:53:50-03:00;25.892222222222223;25;False
@malu_lorensi não podemos perder esse rolê babilônico! Vai ter coelhinhos 🐰;vanessasilber;2025-05-23 12:53:37+00:00;[];0;DJ9bfPfRMcs;vanessasilber;2025-05-23 09:53:37-03:00;10;True;False;neutro;0;neutra;[];0;0;2025-05-22 11:53:50-03:00;21.996388888888887;21;False
me ganhou quando falou dos coelhos 😍;isadora_berta;2025-05-23 10:17:11+00:00;[];0;DJ9bfPfRMcs;isadora_berta;2025-05-23 07:17:11-03:00;6;False;True;neutro;0;duvida;[];0;0;2025-05-22 11:53:50-03:00;19.389166666666668;19;False
❤️;clarissaqueiroz31;2025-06-04 21:19:03+00:00;[];0;DJ9NCJqOH35;clarissaqueiroz31;2025-06-04 18:19:03-03:00;0;False;False;neutro;0;neutra;[];0;0;2025-05-22 09:44:48-03:00;320.5708333333333;320;False
😍😍😍😍😍;costakatiabarbosa;2025-05-26 23:44:59+00:00;[];0;DJ9NCJqOH35;costakatiabarbosa;2025-05-26 20:44:59-03:00;0;False;False;neutro;0;neutra;[];0;0;2025-05-22 09:44:48-03:00;107.00305555555556;107;False
❤️❤️❤️❤️❤️;albummbel;2025-05-26 21:14:32+00:00;[];0;DJ9NCJqOH35;albummbel;2025-05-26 18:14:32-03:00;0;False;False;neutro;0;neutra;[];0;0;2025-05-22 09:44:48-03:00;104.49555555555555;104;False
❤️;gislaine7166;2025-05-25 16:40:23+00:00;[];0;DJ9NCJqOH35;gislaine7166;2025-05-25 13:40:23-03:00;0;False;False;neutro;0;neutra;[];0;0;2025-05-22 09:44:48-03:00;75.9263888888889;75;False
@americanpetbr;dupladedoismartinmabel;2025-05-24 21:20:04+00:00;[];0;DJ9NCJqOH35;dupladedoismartinmabel;2025-05-24 18:20:04-03:00;1;False;False;neutro;0;neutra;[];0;0;2025-05-22 09:44:48-03:00;56.58777777777778;56;False
@inaba_brasil;dupladedoismartinmabel;2025-05-24 21:19:47+00:00;[];0;DJ9NCJqOH35;dupladedoismartinmabel;2025-05-24 18:19:47-03:00;1;False;False;neutro;0;neutra;[];0;0;2025-05-22 09:44:48-03:00;56.58305555555555;56;False
@quatreepet;dupladedoismartinmabel;2025-05-24 21:19:28+00:00;[];0;DJ9NCJqOH35;dupladedoismartinmabel;2025-05-24 18:19:28-03:00;1;False;False;neutro;0;neutra;[];0;0;2025-05-22 09:44:48-03:00;56.577777777777776;56;False
@royalcaninbrasil;dupladedoismartinmabel;2025-05-24 21:18:58+00:00;[];0;DJ9NCJqOH35;dupladedoismartinmabel;2025-05-24 18:18:58-03:00;1;False;False;neutro;0;neutra;[];0;0;2025-05-22 09:44:48-03:00;56.56944444444444;56;False
@editorarocco 👏👏;clis.1;2025-05-29 02:55:52+00:00;[];0;DJ9NCJqOH35;clis.1;2025-05-28 23:55:52-03:00;1;False;False;neutro;0;neutra;[];0;0;2025-05-22 09:44:48-03:00;158.18444444444444;158;False
Baita programação! Super importante esta agenda pra gente saber de atividades legais que acontecem na cidade.;jefferson.k.pinheiro;2025-05-28 00:08:02+00:00;[];1;DKAHqt4x3uU;jefferson.k.pinheiro;2025-05-27 21:08:02-03:00;16;True;False;neutro;0;neutra;[];0;0;2025-05-23 12:55:38-03:00;104.20666666666666;104;False
Obrigado pessoal! ✴️;festivalarmazem;2025-05-23 21:42:55+00:00;[];2;DKAHqt4x3uU;festivalarmazem;2025-05-23 18:42:55-03:00;2;False;False;neutro;0;neutra;[];0;0;2025-05-23 12:55:38-03:00;5.788055555555555;5;False
"@f_ponciano  olha isso! Não tem como sentir tédio  com uma agenda cultural dessas 🙂!
Santa Maria ❤️🌸🙂";patriciacurri.paticurri;2025-05-23 19:58:45+00:00;[];2;DKAHqt4x3uU;patriciacurri.paticurri;2025-05-23 16:58:45-03:00;15;True;True;neutro;0;neutra;[];0;0;2025-05-23 12:55:38-03:00;4.051944444444445;4;False
Coisa boa retomar nossa agenda em um fim de semana tão movimentado ✨️🥰;radiosufsm;2025-05-23 16:01:29+00:00;[];3;DKAHqt4x3uU;radiosufsm;2025-05-23 13:01:29-03:00;12;True;False;positivo;1;neutra;[];0;0;2025-05-23 12:55:38-03:00;0.0975;0;False
👏👏👏👏👏👏👏;mytwolovesusa;2025-06-30 17:13:41+00:00;[];0;DKAkG0EpeK7;mytwolovesusa;2025-06-30 14:13:41-03:00;0;False;False;neutro;0;neutra;[];0;0;2025-05-23 17:28:39-03:00;908.7505555555556;908;False
Que legal este projeto;simple_gastronomia_saudavel_;2025-06-10 14:06:05+00:00;[];0;DKAkG0EpeK7;simple_gastronomia_saudavel_;2025-06-10 11:06:05-03:00;4;False;False;positivo;1;neutra;[];0;0;2025-05-23 17:28:39-03:00;425.62388888888887;425;False
Para vocês terem noção eu estou mostrando para o máximo de pessoas possível o pró-reitor de assuntos caninos;berrettapedro;2025-06-07 23:55:00+00:00;[];0;DKAkG0EpeK7;berrettapedro;2025-06-07 20:55:00-03:00;19;True;False;neutro;0;neutra;[];0;0;2025-05-23 17:28:39-03:00;363.43916666666667;363;False
O tímido está tímido, ô meu deus;carolfoscolo;2025-06-06 18:21:33+00:00;[];0;DKAkG0EpeK7;carolfoscolo;2025-06-06 15:21:33-03:00;7;True;False;neutro;0;neutra;[];0;0;2025-05-23 17:28:39-03:00;333.88166666666666;333;False
Que projeto lindo 👏😍;gabrielaaragaos;2025-06-06 04:08:38+00:00;[];0;DKAkG0EpeK7;gabrielaaragaos;2025-06-06 01:08:38-03:00;3;False;False;positivo;1;entusiasmo;[];0;0;2025-05-23 17:28:39-03:00;319.6663888888889;319;False
Que legal;geanefedrigo;2025-06-04 00:23:15+00:00;[];0;DKAkG0EpeK7;geanefedrigo;2025-06-03 21:23:15-03:00;2;False;False;positivo;1;neutra;[];0;0;2025-05-23 17:28:39-03:00;267.91;267;False
👏👏👏👏👏👏❤️❤️❤️;claudiareginabozza;2025-05-30 21:03:33+00:00;[];0;DKAkG0EpeK7;claudiareginabozza;2025-05-30 18:03:33-03:00;0;False;False;neutro;0;neutra;[];0;0;2025-05-23 17:28:39-03:00;168.58166666666668;168;False
Parabéns ao ZELO por cuidar dos meus irmãos ❤️❤️;mell_caramelo_carioca;2025-05-30 20:01:00+00:00;[];0;DKAkG0EpeK7;mell_caramelo_carioca;2025-05-30 17:01:00-03:00;8;True;False;positivo;1;entusiasmo;[];0;0;2025-05-23 17:28:39-03:00;167.53916666666666;167;False
👏👏👏;everton.rosa85;2025-05-30 17:47:48+00:00;[];0;DKAkG0EpeK7;everton.rosa85;2025-05-30 14:47:48-03:00;0;False;False;neutro;0;neutra;[];0;0;2025-05-23 17:28:39-03:00;165.31916666666666;165;False
Que lindaa, parabéns Dudinha amei essa matéria ❣️❣️;nataliapenha_;2025-05-27 15:18:46+00:00;[];1;DKH12WeAaO7;nataliapenha_;2025-05-27 12:18:46-03:00;7;True;False;positivo;2;entusiasmo;[];0;0;2025-05-26 12:56:31-03:00;23.370833333333334;23;False
Maravilhosa essa minha afilhada😍;alcionemouracarvalho;2025-05-27 15:07:41+00:00;[];1;DKH12WeAaO7;alcionemouracarvalho;2025-05-27 12:07:41-03:00;4;False;False;neutro;0;neutra;[];0;0;2025-05-26 12:56:31-03:00;23.18611111111111;23;False
Parabéns pela matéria minha filha! ❤️❤️❤️;joaovcarvalho10;2025-05-27 14:16:50+00:00;[];1;DKH12WeAaO7;joaovcarvalho10;2025-05-27 11:16:50-03:00;5;False;False;positivo;1;entusiasmo;[];0;0;2025-05-26 12:56:31-03:00;22.33861111111111;22;False
@eu_dudis Minha maravilhosa! Que orgulho 💕;luisa_minato;2025-05-27 12:50:15+00:00;[];1;DKH12WeAaO7;luisa_minato;2025-05-27 09:50:15-03:00;5;False;False;neutro;0;neutra;[];0;0;2025-05-26 12:56:31-03:00;20.895555555555557;20;False
👏👏👏👏;a_myreya_;2025-05-26 19:30:36+00:00;[];2;DKH12WeAaO7;a_myreya_;2025-05-26 16:30:36-03:00;0;False;False;neutro;0;neutra;[];0;0;2025-05-26 12:56:31-03:00;3.5680555555555555;3;False
É isso aí @eu_dudis !!! Parabéns 👏🏾;jakedasneves;2025-05-26 18:54:27+00:00;[];1;DKH12WeAaO7;jakedasneves;2025-05-26 15:54:27-03:00;5;False;False;positivo;1;entusiasmo;[];0;0;2025-05-26 12:56:31-03:00;2.9655555555555555;2;False
Viva a África;cristhoffer_antunes;2025-05-26 17:08:49+00:00;"[{""id"": ""18067156190294248"", ""text"": ""@anderson.m_s faltou você.  Um abraço meu amigo"", ""ownerUsername"": ""cristhoffer_antunes"", ""ownerProfilePicUrl"": ""https://scontent-iad3-1.cdninstagram.com/v/t51.82787-19/670303971_17927409870255817_2378955092154697874_n.jpg?stp=dst-jpg_s150x150_tt6&efg=eyJ2ZW5jb2RlX3RhZyI6InByb2ZpbGVfcGljLmRqYW5nby4xMDgwLmMyIn0&_nc_ht=scontent-iad3-1.cdninstagram.com&_nc_cat=101&_nc_oc=Q6cZ2gEeWKPa9NJw2Xxf0RjVj7Y7pjmmDPMEBErsxA7DmUyOhGryIHmIthpMQVCyXdItGgw&_nc_ohc=0nnC7ptoKOgQ7kNvwEl5jb-&_nc_gid=nvRbpiWQqnNXjIdBrx_BAw&edm=APs17CUBAAAA&ccb=7-5&oh=00_Af1u1N1_AoIJQVA2BoYNYUSzOa242XKI_HGvMOcF5qx-RA&oe=69E986B7&_nc_sid=10d13b"", ""timestamp"": ""2025-05-27T12:21:30.000Z"", ""repliesCount"": 0, ""replies"": [], ""likesCount"": 1, ""owner"": {""id"": ""67612799816"", ""is_verified"": false, ""profile_pic_url"": ""https://scontent-iad3-1.cdninstagram.com/v/t51.82787-19/670303971_17927409870255817_2378955092154697874_n.jpg?stp=dst-jpg_s150x150_tt6&efg=eyJ2ZW5jb2RlX3RhZyI6InByb2ZpbGVfcGljLmRqYW5nby4xMDgwLmMyIn0&_nc_ht=scontent-iad3-1.cdninstagram.com&_nc_cat=101&_nc_oc=Q6cZ2gEeWKPa9NJw2Xxf0RjVj7Y7pjmmDPMEBErsxA7DmUyOhGryIHmIthpMQVCyXdItGgw&_nc_ohc=0nnC7ptoKOgQ7kNvwEl5jb-&_nc_gid=nvRbpiWQqnNXjIdBrx_BAw&edm=APs17CUBAAAA&ccb=7-5&oh=00_Af1u1N1_AoIJQVA2BoYNYUSzOa242XKI_HGvMOcF5qx-RA&oe=69E986B7&_nc_sid=10d13b"", ""username"": ""cristhoffer_antunes""}}]";1;DKH12WeAaO7;cristhoffer_antunes;2025-05-26 14:08:49-03:00;3;False;False;neutro;0;neutra;[{'id': '18067156190294248', 'text': '@anderson.m_s faltou você.  Um abraço meu amigo', 'ownerUsername': 'cristhoffer_antunes', 'ownerProfilePicUrl': 'https://scontent-iad3-1.cdninstagram.com/v/t51.82787-19/670303971_17927409870255817_2378955092154697874_n.jpg?stp=dst-jpg_s150x150_tt6&efg=eyJ2ZW5jb2RlX3RhZyI6InByb2ZpbGVfcGljLmRqYW5nby4xMDgwLmMyIn0&_nc_ht=scontent-iad3-1.cdninstagram.com&_nc_cat=101&_nc_oc=Q6cZ2gEeWKPa9NJw2Xxf0RjVj7Y7pjmmDPMEBErsxA7DmUyOhGryIHmIthpMQVCyXdItGgw&_nc_ohc=0nnC7ptoKOgQ7kNvwEl5jb-&_nc_gid=nvRbpiWQqnNXjIdBrx_BAw&edm=APs17CUBAAAA&ccb=7-5&oh=00_Af1u1N1_AoIJQVA2BoYNYUSzOa242XKI_HGvMOcF5qx-RA&oe=69E986B7&_nc_sid=10d13b', 'timestamp': '2025-05-27T12:21:30.000Z', 'repliesCount': 0, 'replies': [], 'likesCount': 1, 'owner': {'id': '67612799816', 'is_verified': False, 'profile_pic_url': 'https://scontent-iad3-1.cdninstagram.com/v/t51.82787-19/670303971_17927409870255817_2378955092154697874_n.jpg?stp=dst-jpg_s150x150_tt6&efg=eyJ2ZW5jb2RlX3RhZyI6InByb2ZpbGVfcGljLmRqYW5nby4xMDgwLmMyIn0&_nc_ht=scontent-iad3-1.cdninstagram.com&_nc_cat=101&_nc_oc=Q6cZ2gEeWKPa9NJw2Xxf0RjVj7Y7pjmmDPMEBErsxA7DmUyOhGryIHmIthpMQVCyXdItGgw&_nc_ohc=0nnC7ptoKOgQ7kNvwEl5jb-&_nc_gid=nvRbpiWQqnNXjIdBrx_BAw&edm=APs17CUBAAAA&ccb=7-5&oh=00_Af1u1N1_AoIJQVA2BoYNYUSzOa242XKI_HGvMOcF5qx-RA&oe=69E986B7&_nc_sid=10d13b', 'username': 'cristhoffer_antunes'}}];1;1;2025-05-26 12:56:31-03:00;1.205;1;False
Liiinda da sua tiiia meu orgulho❤️;dy_caabral;2025-05-26 17:07:22+00:00;[];1;DKH12WeAaO7;dy_caabral;2025-05-26 14:07:22-03:00;6;False;False;neutro;0;neutra;[];0;0;2025-05-26 12:56:31-03:00;1.1808333333333334;1;False
👏👏👏👏;sofonias_lopes;2025-05-26 16:55:44+00:00;[];0;DKH12WeAaO7;sofonias_lopes;2025-05-26 13:55:44-03:00;0;False;False;neutro;0;neutra;[];0;0;2025-05-26 12:56:31-03:00;0.9869444444444444;0;False
Aqui team surpresa!😄;moicosaga;2025-05-30 22:08:40+00:00;[];0;DKHqNAsiCOw;moicosaga;2025-05-30 19:08:40-03:00;3;False;False;neutro;0;neutra;[];0;0;2025-05-26 11:13:50-03:00;103.91388888888889;103;False
Sonhando com o dia que a @ufsm.br vai chamar as atrizes e atores da ufsm pra esse tipo de conteúdo ❤️❤️❤️;annelacerdaremax;2025-05-28 01:54:51+00:00;[];0;DKHqNAsiCOw;annelacerdaremax;2025-05-27 22:54:51-03:00;21;True;False;neutro;0;neutra;[];0;0;2025-05-26 11:13:50-03:00;35.68361111111111;35;False
É muito bom esse RU;_otiiago_;2025-05-27 23:42:54+00:00;[];0;DKHqNAsiCOw;_otiiago_;2025-05-27 20:42:54-03:00;5;False;False;positivo;1;neutra;[];0;0;2025-05-26 11:13:50-03:00;33.48444444444444;33;False
Nada como ser surpreendido com um Estrogonofe com batata palha;eltonz_;2025-05-27 13:54:23+00:00;[];4;DKHqNAsiCOw;eltonz_;2025-05-27 10:54:23-03:00;10;True;True;neutro;0;neutra;[];0;0;2025-05-26 11:13:50-03:00;23.675833333333333;23;False
conferir com antecedência sempreee;laurnvs;2025-05-26 16:45:28+00:00;[];2;DKHqNAsiCOw;laurnvs;2025-05-26 13:45:28-03:00;4;False;False;neutro;0;neutra;[];0;0;2025-05-26 11:13:50-03:00;2.527222222222222;2;False
👏🏻👏🏻;cosaiufsm;2025-05-26 15:29:01+00:00;[];1;DKHqNAsiCOw;cosaiufsm;2025-05-26 12:29:01-03:00;0;False;False;neutro;0;neutra;[];0;0;2025-05-26 11:13:50-03:00;1.2530555555555556;1;False
👏👏;cineclubedaboca;2025-05-26 22:33:56+00:00;[];0;DKIPG0Hp-MT;cineclubedaboca;2025-05-26 19:33:56-03:00;0;False;False;neutro;0;neutra;[];0;0;2025-05-26 17:13:43-03:00;2.3369444444444443;2;False
Adiantem o resultado!!!;samsanram123;2025-06-13 22:12:25+00:00;[];1;DKK1ISuO5qS;samsanram123;2025-06-13 19:12:25-03:00;3;False;False;neutro;0;neutra;[];0;0;2025-05-27 16:45:18-03:00;410.45194444444445;410;False
Nota de corte pra medicina ?;gabrielrtt_;2025-06-10 21:20:50+00:00;"[{""id"": ""18055141796358113"", ""text"": ""@gabrielrtt_ olá! Este edital não divulga nota de corte"", ""ownerUsername"": ""progradufsm"", ""ownerProfilePicUrl"": ""https://scontent-atl3-3.cdninstagram.com/v/t51.82787-19/656904413_18452091412110886_5191388453947440167_n.jpg?stp=dst-jpg_s150x150_tt6&efg=eyJ2ZW5jb2RlX3RhZyI6InByb2ZpbGVfcGljLmRqYW5nby4xNTAuYzIifQ&_nc_ht=scontent-atl3-3.cdninstagram.com&_nc_cat=110&_nc_oc=Q6cZ2gFEfH4JFPDTURn138q6gUBOWbCBncswzhd__jaKb4vZNpeYxcIGx257TAaJF7Qx_eg&_nc_ohc=2yB1abShFOwQ7kNvwGTz8Kh&_nc_gid=bxs5KqIqV-aksaEuWYQSWg&edm=APs17CUBAAAA&ccb=7-5&oh=00_Af1F7WDmlwRMofx9XrMBguxWC6SvWGfRpy8fjubBEyEqvA&oe=69E987B0&_nc_sid=10d13b"", ""timestamp"": ""2025-06-24T13:12:17.000Z"", ""repliesCount"": 0, ""replies"": [], ""likesCount"": 0, ""owner"": {""id"": ""3231014885"", ""is_verified"": false, ""profile_pic_url"": ""https://scontent-atl3-3.cdninstagram.com/v/t51.82787-19/656904413_18452091412110886_5191388453947440167_n.jpg?stp=dst-jpg_s150x150_tt6&efg=eyJ2ZW5jb2RlX3RhZyI6InByb2ZpbGVfcGljLmRqYW5nby4xNTAuYzIifQ&_nc_ht=scontent-atl3-3.cdninstagram.com&_nc_cat=110&_nc_oc=Q6cZ2gFEfH4JFPDTURn138q6gUBOWbCBncswzhd__jaKb4vZNpeYxcIGx257TAaJF7Qx_eg&_nc_ohc=2yB1abShFOwQ7kNvwGTz8Kh&_nc_gid=bxs5KqIqV-aksaEuWYQSWg&edm=APs17CUBAAAA&ccb=7-5&oh=00_Af1F7WDmlwRMofx9XrMBguxWC6SvWGfRpy8fjubBEyEqvA&oe=69E987B0&_nc_sid=10d13b"", ""username"": ""progradufsm""}}]";0;DKK1ISuO5qS;gabrielrtt_;2025-06-10 18:20:50-03:00;5;False;True;neutro;0;duvida;[{'id': '18055141796358113', 'text': '@gabrielrtt_ olá! Este edital não divulga nota de corte', 'ownerUsername': 'progradufsm', 'ownerProfilePicUrl': 'https://scontent-atl3-3.cdninstagram.com/v/t51.82787-19/656904413_18452091412110886_5191388453947440167_n.jpg?stp=dst-jpg_s150x150_tt6&efg=eyJ2ZW5jb2RlX3RhZyI6InByb2ZpbGVfcGljLmRqYW5nby4xNTAuYzIifQ&_nc_ht=scontent-atl3-3.cdninstagram.com&_nc_cat=110&_nc_oc=Q6cZ2gFEfH4JFPDTURn138q6gUBOWbCBncswzhd__jaKb4vZNpeYxcIGx257TAaJF7Qx_eg&_nc_ohc=2yB1abShFOwQ7kNvwGTz8Kh&_nc_gid=bxs5KqIqV-aksaEuWYQSWg&edm=APs17CUBAAAA&ccb=7-5&oh=00_Af1F7WDmlwRMofx9XrMBguxWC6SvWGfRpy8fjubBEyEqvA&oe=69E987B0&_nc_sid=10d13b', 'timestamp': '2025-06-24T13:12:17.000Z', 'repliesCount': 0, 'replies': [], 'likesCount': 0, 'owner': {'id': '3231014885', 'is_verified': False, 'profile_pic_url': 'https://scontent-atl3-3.cdninstagram.com/v/t51.82787-19/656904413_18452091412110886_5191388453947440167_n.jpg?stp=dst-jpg_s150x150_tt6&efg=eyJ2ZW5jb2RlX3RhZyI6InByb2ZpbGVfcGljLmRqYW5nby4xNTAuYzIifQ&_nc_ht=scontent-atl3-3.cdninstagram.com&_nc_cat=110&_nc_oc=Q6cZ2gFEfH4JFPDTURn138q6gUBOWbCBncswzhd__jaKb4vZNpeYxcIGx257TAaJF7Qx_eg&_nc_ohc=2yB1abShFOwQ7kNvwGTz8Kh&_nc_gid=bxs5KqIqV-aksaEuWYQSWg&edm=APs17CUBAAAA&ccb=7-5&oh=00_Af1F7WDmlwRMofx9XrMBguxWC6SvWGfRpy8fjubBEyEqvA&oe=69E987B0&_nc_sid=10d13b', 'username': 'progradufsm'}}];1;1;2025-05-27 16:45:18-03:00;337.59222222222223;337;False
Quando sai o resultado?;sammy_filiman;2025-06-07 23:25:26+00:00;"[{""id"": ""18062736493937050"", ""text"": ""@sammy_filiman olá! Acesse o cronograma junto ao edital e acompanhe diariamente em ufsm.br/prograd"", ""ownerUsername"": ""progradufsm"", ""ownerProfilePicUrl"": ""https://scontent-atl3-3.cdninstagram.com/v/t51.82787-19/656904413_18452091412110886_5191388453947440167_n.jpg?stp=dst-jpg_s150x150_tt6&efg=eyJ2ZW5jb2RlX3RhZyI6InByb2ZpbGVfcGljLmRqYW5nby4xNTAuYzIifQ&_nc_ht=scontent-atl3-3.cdninstagram.com&_nc_cat=110&_nc_oc=Q6cZ2gFEfH4JFPDTURn138q6gUBOWbCBncswzhd__jaKb4vZNpeYxcIGx257TAaJF7Qx_eg&_nc_ohc=2yB1abShFOwQ7kNvwGTz8Kh&_nc_gid=bxs5KqIqV-aksaEuWYQSWg&edm=APs17CUBAAAA&ccb=7-5&oh=00_Af1F7WDmlwRMofx9XrMBguxWC6SvWGfRpy8fjubBEyEqvA&oe=69E987B0&_nc_sid=10d13b"", ""timestamp"": ""2025-06-10T17:44:31.000Z"", ""repliesCount"": 0, ""replies"": [], ""likesCount"": 0, ""owner"": {""id"": ""3231014885"", ""is_verified"": false, ""profile_pic_url"": ""https://scontent-atl3-3.cdninstagram.com/v/t51.82787-19/656904413_18452091412110886_5191388453947440167_n.jpg?stp=dst-jpg_s150x150_tt6&efg=eyJ2ZW5jb2RlX3RhZyI6InByb2ZpbGVfcGljLmRqYW5nby4xNTAuYzIifQ&_nc_ht=scontent-atl3-3.cdninstagram.com&_nc_cat=110&_nc_oc=Q6cZ2gFEfH4JFPDTURn138q6gUBOWbCBncswzhd__jaKb4vZNpeYxcIGx257TAaJF7Qx_eg&_nc_ohc=2yB1abShFOwQ7kNvwGTz8Kh&_nc_gid=bxs5KqIqV-aksaEuWYQSWg&edm=APs17CUBAAAA&ccb=7-5&oh=00_Af1F7WDmlwRMofx9XrMBguxWC6SvWGfRpy8fjubBEyEqvA&oe=69E987B0&_nc_sid=10d13b"", ""username"": ""progradufsm""}}]";2;DKK1ISuO5qS;sammy_filiman;2025-06-07 20:25:26-03:00;4;False;True;neutro;0;duvida;[{'id': '18062736493937050', 'text': '@sammy_filiman olá! Acesse o cronograma junto ao edital e acompanhe diariamente em ufsm.br/prograd', 'ownerUsername': 'progradufsm', 'ownerProfilePicUrl': 'https://scontent-atl3-3.cdninstagram.com/v/t51.82787-19/656904413_18452091412110886_5191388453947440167_n.jpg?stp=dst-jpg_s150x150_tt6&efg=eyJ2ZW5jb2RlX3RhZyI6InByb2ZpbGVfcGljLmRqYW5nby4xNTAuYzIifQ&_nc_ht=scontent-atl3-3.cdninstagram.com&_nc_cat=110&_nc_oc=Q6cZ2gFEfH4JFPDTURn138q6gUBOWbCBncswzhd__jaKb4vZNpeYxcIGx257TAaJF7Qx_eg&_nc_ohc=2yB1abShFOwQ7kNvwGTz8Kh&_nc_gid=bxs5KqIqV-aksaEuWYQSWg&edm=APs17CUBAAAA&ccb=7-5&oh=00_Af1F7WDmlwRMofx9XrMBguxWC6SvWGfRpy8fjubBEyEqvA&oe=69E987B0&_nc_sid=10d13b', 'timestamp': '2025-06-10T17:44:31.000Z', 'repliesCount': 0, 'replies': [], 'likesCount': 0, 'owner': {'id': '3231014885', 'is_verified': False, 'profile_pic_url': 'https://scontent-atl3-3.cdninstagram.com/v/t51.82787-19/656904413_18452091412110886_5191388453947440167_n.jpg?stp=dst-jpg_s150x150_tt6&efg=eyJ2ZW5jb2RlX3RhZyI6InByb2ZpbGVfcGljLmRqYW5nby4xNTAuYzIifQ&_nc_ht=scontent-atl3-3.cdninstagram.com&_nc_cat=110&_nc_oc=Q6cZ2gFEfH4JFPDTURn138q6gUBOWbCBncswzhd__jaKb4vZNpeYxcIGx257TAaJF7Qx_eg&_nc_ohc=2yB1abShFOwQ7kNvwGTz8Kh&_nc_gid=bxs5KqIqV-aksaEuWYQSWg&edm=APs17CUBAAAA&ccb=7-5&oh=00_Af1F7WDmlwRMofx9XrMBguxWC6SvWGfRpy8fjubBEyEqvA&oe=69E987B0&_nc_sid=10d13b', 'username': 'progradufsm'}}];1;1;2025-05-27 16:45:18-03:00;267.6688888888889;267;False
Continuo sem conseguir enviar mesmo sendo esta que me mandou.;diule_alves___;2025-07-09 11:57:47+00:00;[];1;DKK1ISuO5qS;diule_alves___;2025-07-09 08:57:47-03:00;10;True;False;neutro;0;neutra;[];0;0;2025-05-27 16:45:18-03:00;1024.2080555555556;1024;False
@diule_alves___ olá! Tente o nisa@nisa.ufsm.br;progradufsm;2025-07-09 13:58:43+00:00;[];0;DKK1ISuO5qS;progradufsm;2025-07-09 10:58:43-03:00;8;True;False;neutro;0;neutra;[];0;0;2025-05-27 16:45:18-03:00;1026.223611111111;1026;False
Só não consigo votar  bozozada , pois só querem se dar bem;tortacombrocolis;2025-05-31 15:50:17+00:00;[];0;DKPaci-t7V9;tortacombrocolis;2025-05-31 12:50:17-03:00;11;True;False;neutro;0;neutra;[];0;0;2025-05-29 11:28:20-03:00;49.365833333333335;49;False
📻 Acompanhe os debates na UniFM 107.9 ou online em ufsm.br/radio 🎧;radiosufsm;2025-05-29 15:38:58+00:00;[];2;DKPaci-t7V9;radiosufsm;2025-05-29 12:38:58-03:00;13;True;False;neutro;0;neutra;[];0;0;2025-05-29 11:28:20-03:00;1.1772222222222222;1;False
Sil 💚💜💚;djarts_8;2025-07-10 22:59:15+00:00;[];0;DKPeLWNtI9U;djarts_8;2025-07-10 19:59:15-03:00;1;False;False;neutro;0;neutra;[];0;0;2025-05-29 12:00:00-03:00;1015.9875;1015;False
Pop star❤️;elicosta.68;2025-06-08 17:31:02+00:00;[];1;DKPeLWNtI9U;elicosta.68;2025-06-08 14:31:02-03:00;2;False;False;neutro;0;neutra;[];0;0;2025-05-29 12:00:00-03:00;242.51722222222222;242;False
Amado! Lindo!;lisiane_ribeiro_adv;2025-06-08 01:12:34+00:00;[];1;DKPeLWNtI9U;lisiane_ribeiro_adv;2025-06-07 22:12:34-03:00;2;False;False;positivo;1;entusiasmo;[];0;0;2025-05-29 12:00:00-03:00;226.20944444444444;226;False
Mimoso, nossa celebridade.❤️;claudiarosanemen;2025-06-07 12:13:32+00:00;[];3;DKPeLWNtI9U;claudiarosanemen;2025-06-07 09:13:32-03:00;3;False;False;neutro;0;neutra;[];0;0;2025-05-29 12:00:00-03:00;213.22555555555556;213;False
;giovannabl;2025-06-07 09:56:51+00:00;[];1;DKPeLWNtI9U;giovannabl;2025-06-07 06:56:51-03:00;0;False;False;neutro;0;neutra;[];0;0;2025-05-29 12:00:00-03:00;210.9475;210;False
Impressão minha ou nosso heroi está mais magro? Fez dieta?!;mariliavero;2025-06-07 00:35:45+00:00;[];1;DKPeLWNtI9U;mariliavero;2025-06-06 21:35:45-03:00;10;True;True;neutro;0;duvida;[];0;0;2025-05-29 12:00:00-03:00;201.59583333333333;201;False
QUE OUTRAS ENTIDADES EDUCACIONAIS E LIBERAIS “SIGAM O NOBRE EXEMPLO DA UFSM/UNIVERSIDADE FEDERAL DE SANTA MARIA!🐾👏👏👏🙌🙏❤️ PARABÉNS USFM!🐾;marta.g.o.s;2025-06-06 21:00:14+00:00;[];1;DKPeLWNtI9U;marta.g.o.s;2025-06-06 18:00:14-03:00;19;True;False;positivo;1;entusiasmo;[];0;0;2025-05-29 12:00:00-03:00;198.0038888888889;198;False
Sensacional;andreiaguasso;2025-06-06 12:02:22+00:00;[];2;DKPeLWNtI9U;andreiaguasso;2025-06-06 09:02:22-03:00;1;False;False;neutro;0;entusiasmo;[];0;0;2025-05-29 12:00:00-03:00;189.03944444444446;189;False
A música 🎸 ficou show ! ...;nelci.lourenco.1612;2025-06-05 23:24:31+00:00;[];2;DKPeLWNtI9U;nelci.lourenco.1612;2025-06-05 20:24:31-03:00;4;False;False;positivo;1;entusiasmo;[];0;0;2025-05-29 12:00:00-03:00;176.4086111111111;176;False
Silveira você é o cara ! ... ❤️;nelci.lourenco.1612;2025-06-05 23:20:26+00:00;[];2;DKPeLWNtI9U;nelci.lourenco.1612;2025-06-05 20:20:26-03:00;5;False;False;neutro;0;neutra;[];0;0;2025-05-29 12:00:00-03:00;176.34055555555557;176;False
❤️❤️👏👏;biologicas.ufsm.pm;2025-05-30 19:06:46+00:00;[];0;DKQG98CJb9r;biologicas.ufsm.pm;2025-05-30 16:06:46-03:00;0;False;False;neutro;0;neutra;[];0;0;2025-05-29 18:17:40-03:00;21.81833333333333;21;False
@ppgagronegocios_ufsm @saudeeruralidadeufsm;ufsmpm;2025-05-30 17:41:07+00:00;[];0;DKQG98CJb9r;ufsmpm;2025-05-30 14:41:07-03:00;2;False;False;neutro;0;neutra;[];0;0;2025-05-29 18:17:40-03:00;20.390833333333333;20;False
@jardim_medicinal_ufsm 💙😃;ufsmpm;2025-05-30 17:39:47+00:00;[];0;DKQG98CJb9r;ufsmpm;2025-05-30 14:39:47-03:00;1;False;False;neutro;0;neutra;[];0;0;2025-05-29 18:17:40-03:00;20.36861111111111;20;False
@taneabisogningarlet e @biologicas.ufsm.pm 👏👏👏;ufsmpm;2025-05-30 17:39:28+00:00;[];1;DKQG98CJb9r;ufsmpm;2025-05-30 14:39:28-03:00;5;False;False;neutro;0;neutra;[];0;0;2025-05-29 18:17:40-03:00;20.363333333333333;20;False
😍😍👏👏;ufsmpm;2025-05-30 17:38:35+00:00;[];0;DKQG98CJb9r;ufsmpm;2025-05-30 14:38:35-03:00;0;False;False;neutro;0;neutra;[];0;0;2025-05-29 18:17:40-03:00;20.34861111111111;20;False
👏👏👏👏👏;claudia_m_ferrari;2025-05-30 02:47:43+00:00;[];0;DKQG98CJb9r;claudia_m_ferrari;2025-05-29 23:47:43-03:00;0;False;False;neutro;0;neutra;[];0;0;2025-05-29 18:17:40-03:00;5.5008333333333335;5;False
Que pena! Só soube agora. Quem sabe no ano que vem?;claudia_m_ferrari;2025-05-30 02:47:18+00:00;[];0;DKQG98CJb9r;claudia_m_ferrari;2025-05-29 23:47:18-03:00;11;True;True;neutro;0;duvida;[];0;0;2025-05-29 18:17:40-03:00;5.493888888888889;5;False
