shortcode;has_post;has_comments;has_owners;post_file;comments_file;owners_file;post_columns;comments_columns;owners_columns
DJ1_MTEuA-i;True;False;False;data\DJ1_MTEuA-i\post_DJ1_MTEuA-i.xlsx;;;legenda_post | coautores | num_comentarios | hashtags | comentarios_habilitados | num_likes | mencoes | nome_owner | timestamp | tipo | url | visualizacoes | duracao_video | localizacao;;
DJ1oIOktsNX;True;False;False;data\DJ1oIOktsNX\post_DJ1oIOktsNX.xlsx;;;legenda_post | coautores | num_comentarios | hashtags | comentarios_habilitados | num_likes | mencoes | nome_owner | timestamp | tipo | url | visualizacoes | duracao_video | localizacao;;
DJ2nlbTpv68;True;True;True;data\DJ2nlbTpv68\post_DJ2nlbTpv68.xlsx;data\DJ2nlbTpv68\comments_DJ2nlbTpv68.xlsx;data\DJ2nlbTpv68\commentOwner_DJ2nlbTpv68.xlsx;legenda_post | coautores | num_comentarios | hashtags | comentarios_habilitados | num_likes | mencoes | nome_owner | timestamp | tipo | url | visualizacoes | duracao_video | localizacao;texto_comentario | owner_username | timestamp | replies | likescount;owner_id | owner_username | is_verified | profile_pic_url
DJ48NUpJ544;True;True;True;data\DJ48NUpJ544\post_DJ48NUpJ544.xlsx;data\DJ48NUpJ544\comments_DJ48NUpJ544.xlsx;data\DJ48NUpJ544\commentOwner_DJ48NUpJ544.xlsx;legenda_post | coautores | num_comentarios | hashtags | comentarios_habilitados | num_likes | mencoes | nome_owner | timestamp | tipo | url | visualizacoes | duracao_video | localizacao;texto_comentario | owner_username | timestamp | replies | likescount;owner_id | owner_username | is_verified | profile_pic_url
DJ4ofY6Jf56;True;True;True;data\DJ4ofY6Jf56\post_DJ4ofY6Jf56.xlsx;data\DJ4ofY6Jf56\comments_DJ4ofY6Jf56.xlsx;data\DJ4ofY6Jf56\commentOwner_DJ4ofY6Jf56.xlsx;legenda_post | coautores | num_comentarios | hashtags | comentarios_habilitados | num_likes | mencoes | nome_owner | timestamp | tipo | url | visualizacoes | duracao_video | localizacao;texto_comentario | owner_username | timestamp | replies | likescount;owner_id | owner_username | is_verified | profile_pic_url
DJ4xlSdy-3m;True;True;True;data\DJ4xlSdy-3m\post_DJ4xlSdy-3m.xlsx;data\DJ4xlSdy-3m\comments_DJ4xlSdy-3m.xlsx;data\DJ4xlSdy-3m\commentOwner_DJ4xlSdy-3m.xlsx;legenda_post | coautores | num_comentarios | hashtags | comentarios_habilitados | num_likes | mencoes | nome_owner | timestamp | tipo | url | visualizacoes | duracao_video | localizacao;texto_comentario | owner_username | timestamp | replies | likescount;owner_id | owner_username | is_verified | profile_pic_url
DJ5AkVwJLXy;True;True;True;data\DJ5AkVwJLXy\post_DJ5AkVwJLXy.xlsx;data\DJ5AkVwJLXy\comments_DJ5AkVwJLXy.xlsx;data\DJ5AkVwJLXy\commentOwner_DJ5AkVwJLXy.xlsx;legenda_post | coautores | num_comentarios | hashtags | comentarios_habilitados | num_likes | mencoes | nome_owner | timestamp | tipo | url | visualizacoes | duracao_video | localizacao;texto_comentario | owner_username | timestamp | replies | likescount;owner_id | owner_username | is_verified | profile_pic_url
DJ5J9TCJBVJ;True;True;True;data\DJ5J9TCJBVJ\post_DJ5J9TCJBVJ.xlsx;data\DJ5J9TCJBVJ\comments_DJ5J9TCJBVJ.xlsx;data\DJ5J9TCJBVJ\commentOwner_DJ5J9TCJBVJ.xlsx;legenda_post | coautores | num_comentarios | hashtags | comentarios_habilitados | num_likes | mencoes | nome_owner | timestamp | tipo | url | visualizacoes | duracao_video | localizacao;texto_comentario | owner_username | timestamp | replies | likescount;owner_id | owner_username | is_verified | profile_pic_url
DJ630KnRcyp;True;True;True;data\DJ630KnRcyp\post_DJ630KnRcyp.xlsx;data\DJ630KnRcyp\comments_DJ630KnRcyp.xlsx;data\DJ630KnRcyp\commentOwner_DJ630KnRcyp.xlsx;legenda_post | coautores | num_comentarios | hashtags | comentarios_habilitados | num_likes | mencoes | nome_owner | timestamp | tipo | url | visualizacoes | duracao_video | localizacao;texto_comentario | owner_username | timestamp | replies | likescount;owner_id | owner_username | is_verified | profile_pic_url
DJ6unk6RCfx;True;True;True;data\DJ6unk6RCfx\post_DJ6unk6RCfx.xlsx;data\DJ6unk6RCfx\comments_DJ6unk6RCfx.xlsx;data\DJ6unk6RCfx\commentOwner_DJ6unk6RCfx.xlsx;legenda_post | coautores | num_comentarios | hashtags | comentarios_habilitados | num_likes | mencoes | nome_owner | timestamp | tipo | url | visualizacoes | duracao_video | localizacao;texto_comentario | owner_username | timestamp | replies | likescount;owner_id | owner_username | is_verified | profile_pic_url
DJ7jekBJKgG;True;True;True;data\DJ7jekBJKgG\post_DJ7jekBJKgG.xlsx;data\DJ7jekBJKgG\comments_DJ7jekBJKgG.xlsx;data\DJ7jekBJKgG\commentOwner_DJ7jekBJKgG.xlsx;legenda_post | coautores | num_comentarios | hashtags | comentarios_habilitados | num_likes | mencoes | nome_owner | timestamp | tipo | url | visualizacoes | duracao_video | localizacao;texto_comentario | owner_username | timestamp | replies | likescount;owner_id | owner_username | is_verified | profile_pic_url
DJ7XmcexhRk;True;True;True;data\DJ7XmcexhRk\post_DJ7XmcexhRk.xlsx;data\DJ7XmcexhRk\comments_DJ7XmcexhRk.xlsx;data\DJ7XmcexhRk\commentOwner_DJ7XmcexhRk.xlsx;legenda_post | coautores | num_comentarios | hashtags | comentarios_habilitados | num_likes | mencoes | nome_owner | timestamp | tipo | url | visualizacoes | duracao_video | localizacao;texto_comentario | owner_username | timestamp | replies | likescount;owner_id | owner_username | is_verified | profile_pic_url
DJ7ZoL4J2l-;True;True;True;data\DJ7ZoL4J2l-\post_DJ7ZoL4J2l-.xlsx;data\DJ7ZoL4J2l-\comments_DJ7ZoL4J2l-.xlsx;data\DJ7ZoL4J2l-\commentOwner_DJ7ZoL4J2l-.xlsx;legenda_post | coautores | num_comentarios | hashtags | comentarios_habilitados | num_likes | mencoes | nome_owner | timestamp | tipo | url | visualizacoes | duracao_video | localizacao;texto_comentario | owner_username | timestamp | replies | likescount;owner_id | owner_username | is_verified | profile_pic_url
DJ90M-cvd_9;True;True;True;data\DJ90M-cvd_9\post_DJ90M-cvd_9.xlsx;data\DJ90M-cvd_9\comments_DJ90M-cvd_9.xlsx;data\DJ90M-cvd_9\commentOwner_DJ90M-cvd_9.xlsx;legenda_post | coautores | num_comentarios | hashtags | comentarios_habilitados | num_likes | mencoes | nome_owner | timestamp | tipo | url | visualizacoes | duracao_video | localizacao;texto_comentario | owner_username | timestamp | replies | likescount;owner_id | owner_username | is_verified | profile_pic_url
DJ9bfPfRMcs;True;True;True;data\DJ9bfPfRMcs\post_DJ9bfPfRMcs.xlsx;data\DJ9bfPfRMcs\comments_DJ9bfPfRMcs.xlsx;data\DJ9bfPfRMcs\commentOwner_DJ9bfPfRMcs.xlsx;legenda_post | coautores | num_comentarios | hashtags | comentarios_habilitados | num_likes | mencoes | nome_owner | timestamp | tipo | url | visualizacoes | duracao_video | localizacao;texto_comentario | owner_username | timestamp | replies | likescount;owner_id | owner_username | is_verified | profile_pic_url
DJ9NCJqOH35;True;True;True;data\DJ9NCJqOH35\post_DJ9NCJqOH35.xlsx;data\DJ9NCJqOH35\comments_DJ9NCJqOH35.xlsx;data\DJ9NCJqOH35\commentOwner_DJ9NCJqOH35.xlsx;legenda_post | coautores | num_comentarios | hashtags | comentarios_habilitados | num_likes | mencoes | nome_owner | timestamp | tipo | url | visualizacoes | duracao_video | localizacao;texto_comentario | owner_username | timestamp | replies | likescount;owner_id | owner_username | is_verified | profile_pic_url
DJ9ROIsNQhe;True;False;False;data\DJ9ROIsNQhe\post_DJ9ROIsNQhe.xlsx;;;legenda_post | coautores | num_comentarios | hashtags | comentarios_habilitados | num_likes | mencoes | nome_owner | timestamp | tipo | url | visualizacoes | duracao_video | localizacao;;
DKAHqt4x3uU;True;True;True;data\DKAHqt4x3uU\post_DKAHqt4x3uU.xlsx;data\DKAHqt4x3uU\comments_DKAHqt4x3uU.xlsx;data\DKAHqt4x3uU\commentOwner_DKAHqt4x3uU.xlsx;legenda_post | coautores | num_comentarios | hashtags | comentarios_habilitados | num_likes | mencoes | nome_owner | timestamp | tipo | url | visualizacoes | duracao_video | localizacao;texto_comentario | owner_username | timestamp | replies | likescount;owner_id | owner_username | is_verified | profile_pic_url
DKAkG0EpeK7;True;True;True;data\DKAkG0EpeK7\post_DKAkG0EpeK7.xlsx;data\DKAkG0EpeK7\comments_DKAkG0EpeK7.xlsx;data\DKAkG0EpeK7\commentOwner_DKAkG0EpeK7.xlsx;legenda_post | coautores | num_comentarios | hashtags | comentarios_habilitados | num_likes | mencoes | nome_owner | timestamp | tipo | url | visualizacoes | duracao_video | localizacao;texto_comentario | owner_username | timestamp | replies | likescount;owner_id | owner_username | is_verified | profile_pic_url
DKH12WeAaO7;True;True;True;data\DKH12WeAaO7\post_DKH12WeAaO7.xlsx;data\DKH12WeAaO7\comments_DKH12WeAaO7.xlsx;data\DKH12WeAaO7\commentOwner_DKH12WeAaO7.xlsx;legenda_post | coautores | num_comentarios | hashtags | comentarios_habilitados | num_likes | mencoes | nome_owner | timestamp | tipo | url | visualizacoes | duracao_video | localizacao;texto_comentario | owner_username | timestamp | replies | likescount;owner_id | owner_username | is_verified | profile_pic_url
DKHqNAsiCOw;True;True;True;data\DKHqNAsiCOw\post_DKHqNAsiCOw.xlsx;data\DKHqNAsiCOw\comments_DKHqNAsiCOw.xlsx;data\DKHqNAsiCOw\commentOwner_DKHqNAsiCOw.xlsx;legenda_post | coautores | num_comentarios | hashtags | comentarios_habilitados | num_likes | mencoes | nome_owner | timestamp | tipo | url | visualizacoes | duracao_video | localizacao;texto_comentario | owner_username | timestamp | replies | likescount;owner_id | owner_username | is_verified | profile_pic_url
DKHvDV_NcFc;True;False;False;data\DKHvDV_NcFc\post_DKHvDV_NcFc.xlsx;;;legenda_post | coautores | num_comentarios | hashtags | comentarios_habilitados | num_likes | mencoes | nome_owner | timestamp | tipo | url | visualizacoes | duracao_video | localizacao;;
DKIPG0Hp-MT;True;True;True;data\DKIPG0Hp-MT\post_DKIPG0Hp-MT.xlsx;data\DKIPG0Hp-MT\comments_DKIPG0Hp-MT.xlsx;data\DKIPG0Hp-MT\commentOwner_DKIPG0Hp-MT.xlsx;legenda_post | coautores | num_comentarios | hashtags | comentarios_habilitados | num_likes | mencoes | nome_owner | timestamp | tipo | url | visualizacoes | duracao_video | localizacao;texto_comentario | owner_username | timestamp | replies | likescount;owner_id | owner_username | is_verified | profile_pic_url
DKK1ISuO5qS;True;True;True;data\DKK1ISuO5qS\post_DKK1ISuO5qS.xlsx;data\DKK1ISuO5qS\comments_DKK1ISuO5qS.xlsx;data\DKK1ISuO5qS\commentOwner_DKK1ISuO5qS.xlsx;legenda_post | coautores | num_comentarios | hashtags | comentarios_habilitados | num_likes | mencoes | nome_owner | timestamp | tipo | url | visualizacoes | duracao_video | localizacao;texto_comentario | owner_username | timestamp | replies | likescount;owner_id | owner_username | is_verified | profile_pic_url
DKPaci-t7V9;True;True;True;data\DKPaci-t7V9\post_DKPaci-t7V9.xlsx;data\DKPaci-t7V9\comments_DKPaci-t7V9.xlsx;data\DKPaci-t7V9\commentOwner_DKPaci-t7V9.xlsx;legenda_post | coautores | num_comentarios | hashtags | comentarios_habilitados | num_likes | mencoes | nome_owner | timestamp | tipo | url | visualizacoes | duracao_video | localizacao;texto_comentario | owner_username | timestamp | replies | likescount;owner_id | owner_username | is_verified | profile_pic_url
DKPeLWNtI9U;True;True;True;data\DKPeLWNtI9U\post_DKPeLWNtI9U.xlsx;data\DKPeLWNtI9U\comments_DKPeLWNtI9U.xlsx;data\DKPeLWNtI9U\commentOwner_DKPeLWNtI9U.xlsx;legenda_post | coautores | num_comentarios | hashtags | comentarios_habilitados | num_likes | mencoes | nome_owner | timestamp | tipo | url | visualizacoes | duracao_video | localizacao;texto_comentario | owner_username | timestamp | replies | likescount;owner_id | owner_username | is_verified | profile_pic_url
DKQG98CJb9r;True;True;True;data\DKQG98CJb9r\post_DKQG98CJb9r.xlsx;data\DKQG98CJb9r\comments_DKQG98CJb9r.xlsx;data\DKQG98CJb9r\commentOwner_DKQG98CJb9r.xlsx;legenda_post | coautores | num_comentarios | hashtags | comentarios_habilitados | num_likes | mencoes | nome_owner | timestamp | tipo | url | visualizacoes | duracao_video | localizacao;texto_comentario | owner_username | timestamp | replies | likescount;owner_id | owner_username | is_verified | profile_pic_url
