owner_id;owner_username;is_verified;profile_pic_url;shortcode
9202036674;elisangelapessoa46;False;https://scontent-dfw6-1.cdninstagram.com/v/t51.82787-19/622131235_18223362109308675_2535458488645607586_n.jpg?stp=dst-jpg_s150x150_tt6&efg=eyJ2ZW5jb2RlX3RhZyI6InByb2ZpbGVfcGljLmRqYW5nby4xMDgwLmMyIn0&_nc_ht=scontent-dfw6-1.cdninstagram.com&_nc_cat=103&_nc_oc=Q6cZ2gEkoJ852e7KwMlMhOLZ1MDC5D0VTQJIjM20keX84MkhnsXHAlpOLI0EaIfkNmqdjhE&_nc_ohc=p5Zq_R7wf5UQ7kNvwHdm2gu&_nc_gid=r6S2wvYsdh7hxQ6wOzbYug&edm=APs17CUBAAAA&ccb=7-5&oh=00_Af2MM0iLhNYYvuJFyfTAQfT4rF7ERPJ7qS60Aw30He-fMg&oe=69E9768A&_nc_sid=10d13b;DJ2nlbTpv68
420941429;ajuliabicalho;False;https://scontent-dfw5-1.cdninstagram.com/v/t51.2885-19/434987039_1581798092554769_7593451128952835805_n.jpg?stp=dst-jpg_s150x150_tt6&efg=eyJ2ZW5jb2RlX3RhZyI6InByb2ZpbGVfcGljLmRqYW5nby4xMDgwLmMyIn0&_nc_ht=scontent-dfw5-1.cdninstagram.com&_nc_cat=105&_nc_oc=Q6cZ2gEkoJ852e7KwMlMhOLZ1MDC5D0VTQJIjM20keX84MkhnsXHAlpOLI0EaIfkNmqdjhE&_nc_ohc=CwKdEZLrO94Q7kNvwEg0ObD&_nc_gid=r6S2wvYsdh7hxQ6wOzbYug&edm=APs17CUBAAAA&ccb=7-5&oh=00_Af1TLprLIqUy-HbLiGshIJ0PWn7TrxQA-gjisLPTFn_2_g&oe=69E9744C&_nc_sid=10d13b;DJ2nlbTpv68
45447439376;positivamentemorbido;False;https://scontent-dfw6-1.cdninstagram.com/v/t51.2885-19/483605114_1022481209794429_7281845402981376599_n.jpg?stp=dst-jpg_s150x150_tt6&efg=eyJ2ZW5jb2RlX3RhZyI6InByb2ZpbGVfcGljLmRqYW5nby4xMDgwLmMyIn0&_nc_ht=scontent-dfw6-1.cdninstagram.com&_nc_cat=101&_nc_oc=Q6cZ2gEkoJ852e7KwMlMhOLZ1MDC5D0VTQJIjM20keX84MkhnsXHAlpOLI0EaIfkNmqdjhE&_nc_ohc=eu8h2Y6xS_8Q7kNvwGVGQRt&_nc_gid=r6S2wvYsdh7hxQ6wOzbYug&edm=APs17CUBAAAA&ccb=7-5&oh=00_Af0F5Y_BkFeVlMQ3dCbOi3orqhqzC9xeFZwxnRFrAYdO4g&oe=69E958A9&_nc_sid=10d13b;DJ2nlbTpv68
7323636104;pedro.refe;False;https://scontent-dfw5-1.cdninstagram.com/v/t51.82787-19/629681750_18334434532244105_2354919301038270729_n.jpg?stp=dst-jpg_s150x150_tt6&efg=eyJ2ZW5jb2RlX3RhZyI6InByb2ZpbGVfcGljLmRqYW5nby45MjQuYzIifQ&_nc_ht=scontent-dfw5-1.cdninstagram.com&_nc_cat=105&_nc_oc=Q6cZ2gEkoJ852e7KwMlMhOLZ1MDC5D0VTQJIjM20keX84MkhnsXHAlpOLI0EaIfkNmqdjhE&_nc_ohc=4zmAyjCQxcwQ7kNvwH3_PL4&_nc_gid=r6S2wvYsdh7hxQ6wOzbYug&edm=APs17CUBAAAA&ccb=7-5&oh=00_Af2NNsCExnSgoFSAJpZ6z2ckTkqXXfbhrk9dioLmSojbIA&oe=69E96615&_nc_sid=10d13b;DJ2nlbTpv68
58043397323;namaste.com_;True;https://scontent-dfw5-2.cdninstagram.com/v/t51.82787-19/634536205_17990611916933324_9068747317989437944_n.jpg?stp=dst-jpg_s150x150_tt6&efg=eyJ2ZW5jb2RlX3RhZyI6InByb2ZpbGVfcGljLmRqYW5nby4xMDgwLmMyIn0&_nc_ht=scontent-dfw5-2.cdninstagram.com&_nc_cat=108&_nc_oc=Q6cZ2gEkoJ852e7KwMlMhOLZ1MDC5D0VTQJIjM20keX84MkhnsXHAlpOLI0EaIfkNmqdjhE&_nc_ohc=oFteU_IlOLIQ7kNvwF1uT15&_nc_gid=r6S2wvYsdh7hxQ6wOzbYug&edm=APs17CUBAAAA&ccb=7-5&oh=00_Af38-E0_5eQnpqTdXVYGuRCCHaNNMepze174W0ALIq-9wg&oe=69E97350&_nc_sid=10d13b;DJ2nlbTpv68
67940389590;ateliefogo;False;https://scontent-dfw5-1.cdninstagram.com/v/t51.82787-19/658506084_17923705188269591_8406333217440677348_n.jpg?stp=dst-jpg_s150x150_tt6&efg=eyJ2ZW5jb2RlX3RhZyI6InByb2ZpbGVfcGljLmRqYW5nby4xMDgwLmMyIn0&_nc_ht=scontent-dfw5-1.cdninstagram.com&_nc_cat=111&_nc_oc=Q6cZ2gEkoJ852e7KwMlMhOLZ1MDC5D0VTQJIjM20keX84MkhnsXHAlpOLI0EaIfkNmqdjhE&_nc_ohc=upaU8jqvJNAQ7kNvwFcqkym&_nc_gid=r6S2wvYsdh7hxQ6wOzbYug&edm=APs17CUBAAAA&ccb=7-5&oh=00_Af2I2k2XTvUDHg80aKclkR1VC_RNGpHiaYYvVM5VKbdBQw&oe=69E97F90&_nc_sid=10d13b;DJ2nlbTpv68
462772535;robertakt;False;https://scontent-ord5-2.cdninstagram.com/v/t51.82787-19/658154824_18575438500052536_8984032144583782899_n.jpg?stp=dst-jpg_s150x150_tt6&efg=eyJ2ZW5jb2RlX3RhZyI6InByb2ZpbGVfcGljLmRqYW5nby4xMDgwLmMyIn0&_nc_ht=scontent-ord5-2.cdninstagram.com&_nc_cat=104&_nc_oc=Q6cZ2gFjMgY6MP32bIuy1lqBn7sVZx-0OGx5eKLNEfbQw4sTqVRCc4RMHKGeNt0fiKxMl8U&_nc_ohc=A87vLqjQt-cQ7kNvwH_PfjI&_nc_gid=opew1hwa719JLKWZEkQezQ&edm=APs17CUBAAAA&ccb=7-5&oh=00_Af3V9XQ-_Ny_GSJRFItpji6nd__D2P5k1l8w9JQXBsXBYQ&oe=69E961B4&_nc_sid=10d13b;DJ48NUpJ544
48014476183;m_silvia_de_oliveira;False;https://scontent-ord5-1.cdninstagram.com/v/t51.2885-19/424428152_1428401134700627_8239469392794303018_n.jpg?stp=dst-jpg_s150x150_tt6&efg=eyJ2ZW5jb2RlX3RhZyI6InByb2ZpbGVfcGljLmRqYW5nby43NjguYzIifQ&_nc_ht=scontent-ord5-1.cdninstagram.com&_nc_cat=111&_nc_oc=Q6cZ2gFjMgY6MP32bIuy1lqBn7sVZx-0OGx5eKLNEfbQw4sTqVRCc4RMHKGeNt0fiKxMl8U&_nc_ohc=efCT2fKXEFoQ7kNvwGj7iUt&_nc_gid=opew1hwa719JLKWZEkQezQ&edm=APs17CUBAAAA&ccb=7-5&oh=00_Af2azHF-gIE1LlCmFlrt5XNkATb4t7KwrroxRH8b3edZrg&oe=69E95D48&_nc_sid=10d13b;DJ48NUpJ544
7087284145;mathias_ilnicki;False;https://scontent-ord5-2.cdninstagram.com/v/t51.2885-19/496782130_18311390116236146_5532742542933030619_n.jpg?stp=dst-jpg_s150x150_tt6&efg=eyJ2ZW5jb2RlX3RhZyI6InByb2ZpbGVfcGljLmRqYW5nby4xMDgwLmMyIn0&_nc_ht=scontent-ord5-2.cdninstagram.com&_nc_cat=102&_nc_oc=Q6cZ2gFjMgY6MP32bIuy1lqBn7sVZx-0OGx5eKLNEfbQw4sTqVRCc4RMHKGeNt0fiKxMl8U&_nc_ohc=R9EV4bnhfHcQ7kNvwHfO3PS&_nc_gid=opew1hwa719JLKWZEkQezQ&edm=APs17CUBAAAA&ccb=7-5&oh=00_Af0QKCYq3qAIn1pC6vKvQoToPNNKPxejUmWlKfxcHx431Q&oe=69E98999&_nc_sid=10d13b;DJ48NUpJ544
4200043781;victor_souzas1;False;https://scontent-ord5-1.cdninstagram.com/v/t51.2885-19/472864886_578624005135691_2498540556817214931_n.jpg?stp=dst-jpg_s150x150_tt6&efg=eyJ2ZW5jb2RlX3RhZyI6InByb2ZpbGVfcGljLmRqYW5nby4xMDgwLmMyIn0&_nc_ht=scontent-ord5-1.cdninstagram.com&_nc_cat=111&_nc_oc=Q6cZ2gFjMgY6MP32bIuy1lqBn7sVZx-0OGx5eKLNEfbQw4sTqVRCc4RMHKGeNt0fiKxMl8U&_nc_ohc=JkhQfHHVySQQ7kNvwE0l7KL&_nc_gid=opew1hwa719JLKWZEkQezQ&edm=APs17CUBAAAA&ccb=7-5&oh=00_Af0Doj0HdySrD3jMBMvoS12MNTOwx0yffI4Rb0b2lRy6ig&oe=69E9557A&_nc_sid=10d13b;DJ48NUpJ544
53907266945;ffmeliponario;False;https://scontent-ord5-1.cdninstagram.com/v/t51.2885-19/345525982_245424391478173_4504763112129878287_n.jpg?stp=dst-jpg_s150x150_tt6&efg=eyJ2ZW5jb2RlX3RhZyI6InByb2ZpbGVfcGljLmRqYW5nby43MjAuYzIifQ&_nc_ht=scontent-ord5-1.cdninstagram.com&_nc_cat=101&_nc_oc=Q6cZ2gFjMgY6MP32bIuy1lqBn7sVZx-0OGx5eKLNEfbQw4sTqVRCc4RMHKGeNt0fiKxMl8U&_nc_ohc=tGZLRECDxZ8Q7kNvwGoUroB&_nc_gid=opew1hwa719JLKWZEkQezQ&edm=APs17CUBAAAA&ccb=7-5&oh=00_Af06ri0AOJ8LJsqg1ihk8IOI3ez9cjECUlmWDiCYTgXNoA&oe=69E962F5&_nc_sid=10d13b;DJ48NUpJ544
1423591312;gabiamendess;False;https://scontent-ord5-2.cdninstagram.com/v/t51.82787-19/630136978_18566290009039313_4329489332219894323_n.jpg?stp=dst-jpg_s150x150_tt6&efg=eyJ2ZW5jb2RlX3RhZyI6InByb2ZpbGVfcGljLmRqYW5nby4xMDgwLmMyIn0&_nc_ht=scontent-ord5-2.cdninstagram.com&_nc_cat=105&_nc_oc=Q6cZ2gFjMgY6MP32bIuy1lqBn7sVZx-0OGx5eKLNEfbQw4sTqVRCc4RMHKGeNt0fiKxMl8U&_nc_ohc=fvwuHe8qFZkQ7kNvwGe1GAf&_nc_gid=opew1hwa719JLKWZEkQezQ&edm=APs17CUBAAAA&ccb=7-5&oh=00_Af31ouvpFTFeBkZRbAuYQxnoLRaWYWrOFxEC51OJ6JXpUQ&oe=69E95806&_nc_sid=10d13b;DJ48NUpJ544
12158251302;mocellinjessica;False;https://scontent-ord5-1.cdninstagram.com/v/t51.82787-19/618800142_18164396287403303_7757916067638939290_n.jpg?stp=dst-jpg_s150x150_tt6&efg=eyJ2ZW5jb2RlX3RhZyI6InByb2ZpbGVfcGljLmRqYW5nby4xMDgwLmMyIn0&_nc_ht=scontent-ord5-1.cdninstagram.com&_nc_cat=111&_nc_oc=Q6cZ2gFjMgY6MP32bIuy1lqBn7sVZx-0OGx5eKLNEfbQw4sTqVRCc4RMHKGeNt0fiKxMl8U&_nc_ohc=qYf_EI4RtSwQ7kNvwHLmvIC&_nc_gid=opew1hwa719JLKWZEkQezQ&edm=APs17CUBAAAA&ccb=7-5&oh=00_Af1xuQg_ObBP4HI2rJs00UpB-vdf6mLaUWdA0gnJn8T7Yw&oe=69E97348&_nc_sid=10d13b;DJ48NUpJ544
56807711677;pedropmoro;False;https://scontent-ord5-3.cdninstagram.com/v/t51.82787-19/670971053_18005244899895678_2346315854519138983_n.jpg?stp=dst-jpg_s150x150_tt6&efg=eyJ2ZW5jb2RlX3RhZyI6InByb2ZpbGVfcGljLmRqYW5nby4xMDYwLmMyIn0&_nc_ht=scontent-ord5-3.cdninstagram.com&_nc_cat=106&_nc_oc=Q6cZ2gFjMgY6MP32bIuy1lqBn7sVZx-0OGx5eKLNEfbQw4sTqVRCc4RMHKGeNt0fiKxMl8U&_nc_ohc=amcMIsnbwoQQ7kNvwEcriZn&_nc_gid=opew1hwa719JLKWZEkQezQ&edm=APs17CUBAAAA&ccb=7-5&oh=00_Af37fMOHaKT9dU-A_s8OHvsEwToP4qZcSHHcimpaRzj9Hg&oe=69E95E97&_nc_sid=10d13b;DJ48NUpJ544
752317260;mafeliciasouza;False;https://scontent-ord5-1.cdninstagram.com/v/t51.2885-19/404588547_1027889951764513_748689051620451422_n.jpg?stp=dst-jpg_s150x150_tt6&efg=eyJ2ZW5jb2RlX3RhZyI6InByb2ZpbGVfcGljLmRqYW5nby4xMDgwLmMyIn0&_nc_ht=scontent-ord5-1.cdninstagram.com&_nc_cat=101&_nc_oc=Q6cZ2gExra5ubBpP3UOebui9hYBMnqFVPbjv4rlzrt7wKdJb4Bv-hqFpDy6WfoZGxG7jx_Q&_nc_ohc=s1UtpmSNNiEQ7kNvwG1wX8S&_nc_gid=60Mpi94dn9g-3JXRbb3kHg&edm=APs17CUBAAAA&ccb=7-5&oh=00_Af2H1vubHL_sstIqyT-eee81hpXwu4Jm3Ke7URkQGOTI-Q&oe=69E95C1D&_nc_sid=10d13b;DJ4ofY6Jf56
6097111454;ratonolixo;False;https://scontent-ord5-2.cdninstagram.com/v/t51.82787-19/658856949_18364352005207455_626964041393880329_n.jpg?stp=dst-jpg_s150x150_tt6&efg=eyJ2ZW5jb2RlX3RhZyI6InByb2ZpbGVfcGljLmRqYW5nby4xMDgwLmMyIn0&_nc_ht=scontent-ord5-2.cdninstagram.com&_nc_cat=103&_nc_oc=Q6cZ2gExra5ubBpP3UOebui9hYBMnqFVPbjv4rlzrt7wKdJb4Bv-hqFpDy6WfoZGxG7jx_Q&_nc_ohc=DnF0E0vcauwQ7kNvwHd_R4T&_nc_gid=60Mpi94dn9g-3JXRbb3kHg&edm=APs17CUBAAAA&ccb=7-5&oh=00_Af2Ql-XxBsyemM5EPXqf3NxQ7rdFQExjoQg2DKipGEnkRg&oe=69E970D8&_nc_sid=10d13b;DJ4ofY6Jf56
51602328466;anapaulalopes2022;False;https://scontent-ord5-3.cdninstagram.com/v/t51.82787-19/657714326_18050582942720467_4994493641287908521_n.jpg?stp=dst-jpg_s150x150_tt6&efg=eyJ2ZW5jb2RlX3RhZyI6InByb2ZpbGVfcGljLmRqYW5nby4xMDgwLmMyIn0&_nc_ht=scontent-ord5-3.cdninstagram.com&_nc_cat=107&_nc_oc=Q6cZ2gExra5ubBpP3UOebui9hYBMnqFVPbjv4rlzrt7wKdJb4Bv-hqFpDy6WfoZGxG7jx_Q&_nc_ohc=RxxqIM9mG7YQ7kNvwFK6ILX&_nc_gid=60Mpi94dn9g-3JXRbb3kHg&edm=APs17CUBAAAA&ccb=7-5&oh=00_Af0sOncqPthdbxb1GmZBbl8e2qqxsW9rI5YbZ52Yq8Lm8A&oe=69E95857&_nc_sid=10d13b;DJ4ofY6Jf56
28125444564;julianacorreatl;False;https://scontent-ord5-3.cdninstagram.com/v/t51.82787-19/639569461_18096933808940565_7109557407817124215_n.jpg?stp=dst-jpg_s150x150_tt6&efg=eyJ2ZW5jb2RlX3RhZyI6InByb2ZpbGVfcGljLmRqYW5nby4xMDgwLmMyIn0&_nc_ht=scontent-ord5-3.cdninstagram.com&_nc_cat=109&_nc_oc=Q6cZ2gExra5ubBpP3UOebui9hYBMnqFVPbjv4rlzrt7wKdJb4Bv-hqFpDy6WfoZGxG7jx_Q&_nc_ohc=jhdD3598xdcQ7kNvwHsbFX3&_nc_gid=60Mpi94dn9g-3JXRbb3kHg&edm=APs17CUBAAAA&ccb=7-5&oh=00_Af1mbzY6rhCrNGal7_0yK6mS9Rddhl6NFtZnx3OA8PRmEw&oe=69E954B3&_nc_sid=10d13b;DJ4ofY6Jf56
3125392514;luisa_mantelle;False;https://scontent-ord5-1.cdninstagram.com/v/t51.82787-19/516300964_18411754036104515_5325213186162259997_n.jpg?stp=dst-jpg_s150x150_tt6&efg=eyJ2ZW5jb2RlX3RhZyI6InByb2ZpbGVfcGljLmRqYW5nby4xMDgwLmMyIn0&_nc_ht=scontent-ord5-1.cdninstagram.com&_nc_cat=111&_nc_oc=Q6cZ2gExra5ubBpP3UOebui9hYBMnqFVPbjv4rlzrt7wKdJb4Bv-hqFpDy6WfoZGxG7jx_Q&_nc_ohc=EdWAVGuV2zQQ7kNvwEw9Ui4&_nc_gid=60Mpi94dn9g-3JXRbb3kHg&edm=APs17CUBAAAA&ccb=7-5&oh=00_Af3P7l_BDm-KyMifwIcAECnShsuAmCxCKErk-Gr_HNrXGw&oe=69E96F10&_nc_sid=10d13b;DJ4ofY6Jf56
4921054014;lipaojs;False;https://scontent-ord5-2.cdninstagram.com/v/t51.2885-19/19984485_1215400118569870_7024696802502770688_a.jpg?stp=dst-jpg_s150x150_tt6&efg=eyJ2ZW5jb2RlX3RhZyI6InByb2ZpbGVfcGljLmRqYW5nby43NjguYzIifQ&_nc_ht=scontent-ord5-2.cdninstagram.com&_nc_cat=110&_nc_oc=Q6cZ2gExra5ubBpP3UOebui9hYBMnqFVPbjv4rlzrt7wKdJb4Bv-hqFpDy6WfoZGxG7jx_Q&_nc_ohc=_-C4aCrgTZ0Q7kNvwGhUAmU&_nc_gid=60Mpi94dn9g-3JXRbb3kHg&edm=APs17CUBAAAA&ccb=7-5&oh=00_Af1riUcaBNhM1FEiIRelgR5o7OSsY3vHxGdAU7J7s9pnfg&oe=69E968FC&_nc_sid=10d13b;DJ4ofY6Jf56
219397097;kamilakroliveira;False;https://scontent-ord5-2.cdninstagram.com/v/t51.82787-19/671045076_18580179463005098_6412568933254704509_n.jpg?stp=dst-jpg_s150x150_tt6&efg=eyJ2ZW5jb2RlX3RhZyI6InByb2ZpbGVfcGljLmRqYW5nby4xMDgwLmMyIn0&_nc_ht=scontent-ord5-2.cdninstagram.com&_nc_cat=102&_nc_oc=Q6cZ2gExra5ubBpP3UOebui9hYBMnqFVPbjv4rlzrt7wKdJb4Bv-hqFpDy6WfoZGxG7jx_Q&_nc_ohc=e1IZHrtCEpkQ7kNvwH1NxBj&_nc_gid=60Mpi94dn9g-3JXRbb3kHg&edm=APs17CUBAAAA&ccb=7-5&oh=00_Af0c_5YYw_XakISne1Jcr5PirTp16ArfdREzu1I5kPdtNg&oe=69E96244&_nc_sid=10d13b;DJ4ofY6Jf56
6219247913;rafalbell;False;https://scontent-ord5-3.cdninstagram.com/v/t51.82787-19/590858023_18353182342207914_7288483330807466033_n.jpg?stp=dst-jpg_s150x150_tt6&efg=eyJ2ZW5jb2RlX3RhZyI6InByb2ZpbGVfcGljLmRqYW5nby4xMDgwLmMyIn0&_nc_ht=scontent-ord5-3.cdninstagram.com&_nc_cat=106&_nc_oc=Q6cZ2gExra5ubBpP3UOebui9hYBMnqFVPbjv4rlzrt7wKdJb4Bv-hqFpDy6WfoZGxG7jx_Q&_nc_ohc=XKu-wRUcm_oQ7kNvwEQkb4L&_nc_gid=60Mpi94dn9g-3JXRbb3kHg&edm=APs17CUBAAAA&ccb=7-5&oh=00_Af0WMww8rmjXsC20XDxG3Qi_gjE2x1MZ4eAeEnKCqIjUkg&oe=69E974D3&_nc_sid=10d13b;DJ4ofY6Jf56
2280631745;albummbel;False;https://scontent-ord5-2.cdninstagram.com/v/t51.2885-19/443842529_335349882910610_368377622436580172_n.jpg?stp=dst-jpg_s150x150_tt6&efg=eyJ2ZW5jb2RlX3RhZyI6InByb2ZpbGVfcGljLmRqYW5nby4xMDgwLmMyIn0&_nc_ht=scontent-ord5-2.cdninstagram.com&_nc_cat=102&_nc_oc=Q6cZ2gExra5ubBpP3UOebui9hYBMnqFVPbjv4rlzrt7wKdJb4Bv-hqFpDy6WfoZGxG7jx_Q&_nc_ohc=yTT8EPOp4bkQ7kNvwF11Fry&_nc_gid=60Mpi94dn9g-3JXRbb3kHg&edm=APs17CUBAAAA&ccb=7-5&oh=00_Af3_y1tQaaXy6wo9CmkFs_84OBFdUNno8wNdVodYb4i_1w&oe=69E976F4&_nc_sid=10d13b;DJ4ofY6Jf56
50799230049;fulvia_macnogsabino;False;https://scontent-atl3-2.cdninstagram.com/v/t51.82787-19/624858717_18053807666694050_9108714362458993037_n.jpg?stp=dst-jpg_s150x150_tt6&efg=eyJ2ZW5jb2RlX3RhZyI6InByb2ZpbGVfcGljLmRqYW5nby4xMDgwLmMyIn0&_nc_ht=scontent-atl3-2.cdninstagram.com&_nc_cat=102&_nc_oc=Q6cZ2gGNyianKg31E4Ooxvq2xKNqHFCLX-8AKXL0xWVsc0Igwh1wxjveprZ94po_lLZ28CI&_nc_ohc=X9KR6S3pXAYQ7kNvwF6_3Gs&_nc_gid=SBlEjRaywqkx4X-h_1adQw&edm=APs17CUBAAAA&ccb=7-5&oh=00_Af17cYh0OUCHBGa1sHM6mDHyayRcBbCFnChCps2ZBC9wjw&oe=69E95ECE&_nc_sid=10d13b;DJ4xlSdy-3m
60093975741;alesssndro.blues;False;https://scontent-atl3-3.cdninstagram.com/v/t51.2885-19/354193097_989671562029447_4598863575722325275_n.jpg?stp=dst-jpg_s150x150_tt6&efg=eyJ2ZW5jb2RlX3RhZyI6InByb2ZpbGVfcGljLmRqYW5nby43NzQuYzIifQ&_nc_ht=scontent-atl3-3.cdninstagram.com&_nc_cat=107&_nc_oc=Q6cZ2gGNyianKg31E4Ooxvq2xKNqHFCLX-8AKXL0xWVsc0Igwh1wxjveprZ94po_lLZ28CI&_nc_ohc=aHXO3sKIa-kQ7kNvwFoWmLm&_nc_gid=SBlEjRaywqkx4X-h_1adQw&edm=APs17CUBAAAA&ccb=7-5&oh=00_Af25s3twUlMnN4xoC64OxPJC8kYCPSws4cptGgGF4vZRgQ&oe=69E9636B&_nc_sid=10d13b;DJ4xlSdy-3m
30803787551;vera.b.franco.7;False;https://scontent-atl3-3.cdninstagram.com/v/t51.82787-19/669658708_18096902432027552_2720214828375913719_n.jpg?stp=dst-jpg_s150x150_tt6&efg=eyJ2ZW5jb2RlX3RhZyI6InByb2ZpbGVfcGljLmRqYW5nby4xMDgwLmMyIn0&_nc_ht=scontent-atl3-3.cdninstagram.com&_nc_cat=108&_nc_oc=Q6cZ2gGNyianKg31E4Ooxvq2xKNqHFCLX-8AKXL0xWVsc0Igwh1wxjveprZ94po_lLZ28CI&_nc_ohc=LUKqOwppuZkQ7kNvwHMHEVr&_nc_gid=SBlEjRaywqkx4X-h_1adQw&edm=APs17CUBAAAA&ccb=7-5&oh=00_Af0-clbffczx_D562p6sTc1T51ChoMP8hIYLXkgq2H7tDw&oe=69E966C5&_nc_sid=10d13b;DJ4xlSdy-3m
73324757322;margarita_nildanilda;False;https://scontent-atl3-2.cdninstagram.com/v/t51.2885-19/486552082_514813274789054_7714216881462924813_n.jpg?stp=dst-jpg_s150x150_tt6&efg=eyJ2ZW5jb2RlX3RhZyI6InByb2ZpbGVfcGljLmRqYW5nby4xMDgwLmMyIn0&_nc_ht=scontent-atl3-2.cdninstagram.com&_nc_cat=102&_nc_oc=Q6cZ2gGNyianKg31E4Ooxvq2xKNqHFCLX-8AKXL0xWVsc0Igwh1wxjveprZ94po_lLZ28CI&_nc_ohc=3QlWM94pIS8Q7kNvwESolLJ&_nc_gid=SBlEjRaywqkx4X-h_1adQw&edm=APs17CUBAAAA&ccb=7-5&oh=00_Af0o2HQqwgLJoblwfQ_RnRjaSgXUpQG93vdvt-7GX5Ebfg&oe=69E977CA&_nc_sid=10d13b;DJ4xlSdy-3m
8163414419;prado.zaida;False;https://scontent-atl3-1.cdninstagram.com/v/t51.82787-19/610660561_18296142955278420_3812354871412452455_n.jpg?stp=dst-jpg_s150x150_tt6&efg=eyJ2ZW5jb2RlX3RhZyI6InByb2ZpbGVfcGljLmRqYW5nby43MjAuYzIifQ&_nc_ht=scontent-atl3-1.cdninstagram.com&_nc_cat=100&_nc_oc=Q6cZ2gGNyianKg31E4Ooxvq2xKNqHFCLX-8AKXL0xWVsc0Igwh1wxjveprZ94po_lLZ28CI&_nc_ohc=MURa347h6KIQ7kNvwFKwngs&_nc_gid=SBlEjRaywqkx4X-h_1adQw&edm=APs17CUBAAAA&ccb=7-5&oh=00_Af1YO6M2LZkT4NPlTXs_CSOqzAfCHOH-J4LLS-ZNMoSowg&oe=69E97E12&_nc_sid=10d13b;DJ4xlSdy-3m
29884288027;stefanellomarianna;False;https://scontent-atl3-3.cdninstagram.com/v/t51.2885-19/467704414_600085509331355_2977648286914858276_n.jpg?stp=dst-jpg_s150x150_tt6&efg=eyJ2ZW5jb2RlX3RhZyI6InByb2ZpbGVfcGljLmRqYW5nby4xMDgwLmMyIn0&_nc_ht=scontent-atl3-3.cdninstagram.com&_nc_cat=111&_nc_oc=Q6cZ2gGNyianKg31E4Ooxvq2xKNqHFCLX-8AKXL0xWVsc0Igwh1wxjveprZ94po_lLZ28CI&_nc_ohc=OtN82izBg7AQ7kNvwEBSQTg&_nc_gid=SBlEjRaywqkx4X-h_1adQw&edm=APs17CUBAAAA&ccb=7-5&oh=00_Af2kA9U1u-Uy20DpPXBzZpd3_SO2batw_1nJFdQ_QJyHKw&oe=69E96706&_nc_sid=10d13b;DJ4xlSdy-3m
1384290979;bina.bina._;False;https://scontent-atl3-2.cdninstagram.com/v/t51.82787-19/652700367_18575427772034980_6693774755663875961_n.jpg?stp=dst-jpg_s150x150_tt6&efg=eyJ2ZW5jb2RlX3RhZyI6InByb2ZpbGVfcGljLmRqYW5nby40NTEuYzIifQ&_nc_ht=scontent-atl3-2.cdninstagram.com&_nc_cat=104&_nc_oc=Q6cZ2gGNyianKg31E4Ooxvq2xKNqHFCLX-8AKXL0xWVsc0Igwh1wxjveprZ94po_lLZ28CI&_nc_ohc=uMvQUu8f_OgQ7kNvwGTDT2H&_nc_gid=SBlEjRaywqkx4X-h_1adQw&edm=APs17CUBAAAA&ccb=7-5&oh=00_Af2KZ9WNYzqtSc_4K0tHyoAVGLaaQQlhWtEHgPtBfbj83g&oe=69E96F6B&_nc_sid=10d13b;DJ4xlSdy-3m
2059150818;aires.adriana;False;https://scontent-atl3-3.cdninstagram.com/v/t51.82787-19/642986258_18532600549070819_4123962585554217696_n.jpg?stp=dst-jpg_s150x150_tt6&efg=eyJ2ZW5jb2RlX3RhZyI6InByb2ZpbGVfcGljLmRqYW5nby4xMDgwLmMyIn0&_nc_ht=scontent-atl3-3.cdninstagram.com&_nc_cat=111&_nc_oc=Q6cZ2gGNyianKg31E4Ooxvq2xKNqHFCLX-8AKXL0xWVsc0Igwh1wxjveprZ94po_lLZ28CI&_nc_ohc=kGnaaTaoid4Q7kNvwEu2mEV&_nc_gid=SBlEjRaywqkx4X-h_1adQw&edm=APs17CUBAAAA&ccb=7-5&oh=00_Af1ySkr7fAtoIyfttXtF-nPWzU1_zy2QixkKTAxpcs-TfA&oe=69E960F3&_nc_sid=10d13b;DJ4xlSdy-3m
1150701755;djarts_8;False;https://scontent-iad3-1.cdninstagram.com/v/t51.82787-19/658730605_18572173762045756_280301908155032078_n.jpg?stp=dst-jpg_s150x150_tt6&efg=eyJ2ZW5jb2RlX3RhZyI6InByb2ZpbGVfcGljLmRqYW5nby4xMDgwLmMyIn0&_nc_ht=scontent-iad3-1.cdninstagram.com&_nc_cat=104&_nc_oc=Q6cZ2gGmjUTZl0okuzb4q4SHPYX0QOiw6K5VVUsNZR1qkQgZS0CIpA8trgJYEnQcurLh-HE&_nc_ohc=l8kv5wDbqtMQ7kNvwFMAYEi&_nc_gid=XBX5JSDALg_Fj2f23TXyZA&edm=APs17CUBAAAA&ccb=7-5&oh=00_Af34e8C4_RKr9faztJoLHR0Is63AIhO1cxbnvUFPEwCC0A&oe=69E95A16&_nc_sid=10d13b;DJ5AkVwJLXy
69405715266;alexandrecarvalhorodrigues1975;False;https://scontent-iad6-1.cdninstagram.com/v/t51.2885-19/462287947_572830568645682_2710522959903739796_n.jpg?stp=dst-jpg_s150x150_tt6&efg=eyJ2ZW5jb2RlX3RhZyI6InByb2ZpbGVfcGljLmRqYW5nby4xMDgwLmMyIn0&_nc_ht=scontent-iad6-1.cdninstagram.com&_nc_cat=106&_nc_oc=Q6cZ2gGmjUTZl0okuzb4q4SHPYX0QOiw6K5VVUsNZR1qkQgZS0CIpA8trgJYEnQcurLh-HE&_nc_ohc=eMlrgGRgr74Q7kNvwEix6VH&_nc_gid=XBX5JSDALg_Fj2f23TXyZA&edm=APs17CUBAAAA&ccb=7-5&oh=00_Af0zU8SlQdC7cxlH-EIXhppLhoMWhg9xHKS9PWKpyVwC9w&oe=69E96516&_nc_sid=10d13b;DJ5AkVwJLXy
331507135;zorrobarcelos;False;https://scontent-iad3-2.cdninstagram.com/v/t51.2885-19/12145305_1514097322235357_451610853_a.jpg?stp=dst-jpg_s150x150_tt6&efg=eyJ2ZW5jb2RlX3RhZyI6InByb2ZpbGVfcGljLmRqYW5nby4xMDI0LmMyIn0&_nc_ht=scontent-iad3-2.cdninstagram.com&_nc_cat=105&_nc_oc=Q6cZ2gGmjUTZl0okuzb4q4SHPYX0QOiw6K5VVUsNZR1qkQgZS0CIpA8trgJYEnQcurLh-HE&_nc_ohc=_KK2uqhcu8wQ7kNvwHbgqAn&_nc_gid=XBX5JSDALg_Fj2f23TXyZA&edm=APs17CUBAAAA&ccb=7-5&oh=00_Af2AJGlHkIlOkZyW2yeGdivJMzW2sN8eE2Czha4NxfcRow&oe=69E95C01&_nc_sid=10d13b;DJ5AkVwJLXy
1657837020;rosa_carvalho1rosa_carvalho;False;https://scontent-iad3-1.cdninstagram.com/v/t51.2885-19/181574797_168321738521768_4937590036794688602_n.jpg?stp=dst-jpg_s150x150_tt6&efg=eyJ2ZW5jb2RlX3RhZyI6InByb2ZpbGVfcGljLmRqYW5nby4xMDgwLmMyIn0&_nc_ht=scontent-iad3-1.cdninstagram.com&_nc_cat=108&_nc_oc=Q6cZ2gGmjUTZl0okuzb4q4SHPYX0QOiw6K5VVUsNZR1qkQgZS0CIpA8trgJYEnQcurLh-HE&_nc_ohc=VeVhF3DrHtkQ7kNvwEWRCc1&_nc_gid=XBX5JSDALg_Fj2f23TXyZA&edm=APs17CUBAAAA&ccb=7-5&oh=00_Af1yheR3C5tdKCv5aa85HOOYMkEraSKmZsaBEqQKG7skmA&oe=69E9780B&_nc_sid=10d13b;DJ5AkVwJLXy
4008442533;gislaine7166;False;https://scontent-iad3-1.cdninstagram.com/v/t51.2885-19/460811938_1049447010017072_4132274879009700943_n.jpg?stp=dst-jpg_s150x150_tt6&efg=eyJ2ZW5jb2RlX3RhZyI6InByb2ZpbGVfcGljLmRqYW5nby45NTcuYzIifQ&_nc_ht=scontent-iad3-1.cdninstagram.com&_nc_cat=108&_nc_oc=Q6cZ2gGmjUTZl0okuzb4q4SHPYX0QOiw6K5VVUsNZR1qkQgZS0CIpA8trgJYEnQcurLh-HE&_nc_ohc=3yafQRo-R00Q7kNvwHmNwRQ&_nc_gid=XBX5JSDALg_Fj2f23TXyZA&edm=APs17CUBAAAA&ccb=7-5&oh=00_Af2XC21Bif8Z-hoThVfokoYyeGj9k53yyczExrJrLxkDEQ&oe=69E9870F&_nc_sid=10d13b;DJ5AkVwJLXy
62774667514;luizasomenteluiza;False;https://scontent-atl3-1.cdninstagram.com/v/t51.2885-19/573323465_1219825463302212_7278921664109726296_n.png?stp=dst-jpg_e0_s150x150_tt6&efg=eyJ2ZW5jb2RlX3RhZyI6InByb2ZpbGVfcGljLmRqYW5nby4xNTAuYzIifQ&_nc_ht=scontent-atl3-1.cdninstagram.com&_nc_cat=1&_nc_oc=Q6cZ2gEg8rNptkhCLl7eC_dZiE-zaWrgHLsT95PQT0oj3v2oIEd6aFbxWtxRvUaomUDrcOnPNlZL-Dm4zgOqNBL4mxEY&_nc_ohc=bp7lUiPCqnEQ7kNvwEoq33s&_nc_gid=DVJ8gm-sYmmqVfZYUyk3SQ&edm=ACOOH6wBAAAA&ccb=7-5&ig_cache_key=YW5vbnltb3VzX3Byb2ZpbGVfcGlj.3-ccb7-5&oh=00_Af211VJJKYUwhl1PLVwO1G5ZRZS2-SGLqt6lbCxJWlPC7A&oe=69E9656A&_nc_sid=aa4e97;DJ5AkVwJLXy
52533192525;clicia__batista;False;https://scontent-iad6-1.cdninstagram.com/v/t51.82787-19/564365789_18025894520744526_193539388049945232_n.jpg?stp=dst-jpg_s150x150_tt6&efg=eyJ2ZW5jb2RlX3RhZyI6InByb2ZpbGVfcGljLmRqYW5nby4xMDgwLmMyIn0&_nc_ht=scontent-iad6-1.cdninstagram.com&_nc_cat=106&_nc_oc=Q6cZ2gGmjUTZl0okuzb4q4SHPYX0QOiw6K5VVUsNZR1qkQgZS0CIpA8trgJYEnQcurLh-HE&_nc_ohc=KHIHG052CkAQ7kNvwHJzf9C&_nc_gid=XBX5JSDALg_Fj2f23TXyZA&edm=APs17CUBAAAA&ccb=7-5&oh=00_Af1dHaYDoXEM7Hg4xXjEn4qO0Wq5-13FPLrLK7GhDBfCZQ&oe=69E97F34&_nc_sid=10d13b;DJ5AkVwJLXy
880072703;mariaisoel;False;https://scontent-iad3-2.cdninstagram.com/v/t51.2885-19/275821556_736801353971747_941056181145460385_n.jpg?stp=dst-jpg_s150x150_tt6&efg=eyJ2ZW5jb2RlX3RhZyI6InByb2ZpbGVfcGljLmRqYW5nby43MjAuYzIifQ&_nc_ht=scontent-iad3-2.cdninstagram.com&_nc_cat=111&_nc_oc=Q6cZ2gGmjUTZl0okuzb4q4SHPYX0QOiw6K5VVUsNZR1qkQgZS0CIpA8trgJYEnQcurLh-HE&_nc_ohc=ZGPrdGe0oUYQ7kNvwGU46wu&_nc_gid=XBX5JSDALg_Fj2f23TXyZA&edm=APs17CUBAAAA&ccb=7-5&oh=00_Af3MoRv_IJnDaARXj-J0juR81XgXTyMG7pvv5QGKg7MKEg&oe=69E9549B&_nc_sid=10d13b;DJ5AkVwJLXy
4287025234;fran_azevedo2009;False;https://scontent-iad6-1.cdninstagram.com/v/t51.82787-19/571663765_18405014815137235_1286630573421911329_n.jpg?stp=dst-jpg_s150x150_tt6&efg=eyJ2ZW5jb2RlX3RhZyI6InByb2ZpbGVfcGljLmRqYW5nby4xMDgwLmMyIn0&_nc_ht=scontent-iad6-1.cdninstagram.com&_nc_cat=107&_nc_oc=Q6cZ2gGmjUTZl0okuzb4q4SHPYX0QOiw6K5VVUsNZR1qkQgZS0CIpA8trgJYEnQcurLh-HE&_nc_ohc=Cz0X2k7DZ2QQ7kNvwHJhEnI&_nc_gid=XBX5JSDALg_Fj2f23TXyZA&edm=APs17CUBAAAA&ccb=7-5&oh=00_Af3h1LP7BkHim51iCI9tl9s7pEK0KJaj95mR1DhuceAMSw&oe=69E96804&_nc_sid=10d13b;DJ5AkVwJLXy
7589202768;mariadagraca.cruz;False;https://scontent-phx1-1.cdninstagram.com/v/t51.82787-19/574340290_18306857905250769_4723481201427240106_n.jpg?stp=dst-jpg_s150x150_tt6&efg=eyJ2ZW5jb2RlX3RhZyI6InByb2ZpbGVfcGljLmRqYW5nby4xMDgwLmMyIn0&_nc_ht=scontent-phx1-1.cdninstagram.com&_nc_cat=109&_nc_oc=Q6cZ2gHf0ZLILTHCeYDr90j-gM6wj4bR6PQaOS3Zrth0x7UMyCoe0GQfJ66h9MVbs48cxKA&_nc_ohc=aKewTakBB1cQ7kNvwGae91p&_nc_gid=86UpXAJDzAZ2GTInQ8_VBQ&edm=APs17CUBAAAA&ccb=7-5&oh=00_Af2OHGekePuOHakgn2w94EsdFQWONvOlXpm1okvljOVe7A&oe=69E9852D&_nc_sid=10d13b;DJ5J9TCJBVJ
56788481041;poliperros;True;https://scontent-phx1-1.cdninstagram.com/v/t51.2885-19/412559912_4410658309160292_6775109608640522568_n.jpg?stp=dst-jpg_s150x150_tt6&efg=eyJ2ZW5jb2RlX3RhZyI6InByb2ZpbGVfcGljLmRqYW5nby4xMDgwLmMyIn0&_nc_ht=scontent-phx1-1.cdninstagram.com&_nc_cat=100&_nc_oc=Q6cZ2gHf0ZLILTHCeYDr90j-gM6wj4bR6PQaOS3Zrth0x7UMyCoe0GQfJ66h9MVbs48cxKA&_nc_ohc=YHiILf7L9zIQ7kNvwFq4y3p&_nc_gid=86UpXAJDzAZ2GTInQ8_VBQ&edm=APs17CUBAAAA&ccb=7-5&oh=00_Af0YzlfSVB-7aVMy2asw1w5Py_N6_asALP0v8xyZL_64dA&oe=69E9804B&_nc_sid=10d13b;DJ5J9TCJBVJ
6628813951;rosescobarvalen;False;https://scontent-phx1-1.cdninstagram.com/v/t51.2885-19/484972631_2140050966451534_5276780839663245984_n.jpg?stp=dst-jpg_s150x150_tt6&efg=eyJ2ZW5jb2RlX3RhZyI6InByb2ZpbGVfcGljLmRqYW5nby4xMDgwLmMyIn0&_nc_ht=scontent-phx1-1.cdninstagram.com&_nc_cat=110&_nc_oc=Q6cZ2gHf0ZLILTHCeYDr90j-gM6wj4bR6PQaOS3Zrth0x7UMyCoe0GQfJ66h9MVbs48cxKA&_nc_ohc=iXr---IUFtYQ7kNvwG4Klv9&_nc_gid=86UpXAJDzAZ2GTInQ8_VBQ&edm=APs17CUBAAAA&ccb=7-5&oh=00_Af1I91Opv1wEi0UNlb9-JblrBOUUAMZYUKSs6Ui0elGUoA&oe=69E96C42&_nc_sid=10d13b;DJ5J9TCJBVJ
72774126135;silmanfre25;False;https://scontent-phx1-1.cdninstagram.com/v/t51.2885-19/481005560_1152456636277959_1201316654000622017_n.jpg?stp=dst-jpg_s150x150_tt6&efg=eyJ2ZW5jb2RlX3RhZyI6InByb2ZpbGVfcGljLmRqYW5nby43MzguYzIifQ&_nc_ht=scontent-phx1-1.cdninstagram.com&_nc_cat=103&_nc_oc=Q6cZ2gHf0ZLILTHCeYDr90j-gM6wj4bR6PQaOS3Zrth0x7UMyCoe0GQfJ66h9MVbs48cxKA&_nc_ohc=Ay9N5i90TPcQ7kNvwFRW_aF&_nc_gid=86UpXAJDzAZ2GTInQ8_VBQ&edm=APs17CUBAAAA&ccb=7-5&oh=00_Af3xc6iprCox4htTcoU9yrq9yUsj9kPTEQjFSFPivs9a7Q&oe=69E95591&_nc_sid=10d13b;DJ5J9TCJBVJ
194550415;bibianasilveira.art;False;https://scontent-phx1-1.cdninstagram.com/v/t51.2885-19/73401869_541848716606115_20085603538305024_n.jpg?stp=dst-jpg_s150x150_tt6&efg=eyJ2ZW5jb2RlX3RhZyI6InByb2ZpbGVfcGljLmRqYW5nby4xMDgwLmMyIn0&_nc_ht=scontent-phx1-1.cdninstagram.com&_nc_cat=103&_nc_oc=Q6cZ2gHf0ZLILTHCeYDr90j-gM6wj4bR6PQaOS3Zrth0x7UMyCoe0GQfJ66h9MVbs48cxKA&_nc_ohc=GQKA-R0netEQ7kNvwHTnJFI&_nc_gid=86UpXAJDzAZ2GTInQ8_VBQ&edm=APs17CUBAAAA&ccb=7-5&oh=00_Af28tniyj6QERraHyp6mXWeyJEc_Wzjup_RR7BRoi4gN2g&oe=69E983D2&_nc_sid=10d13b;DJ5J9TCJBVJ
1173613534;lolo_tres_chic;False;https://scontent-phx1-1.cdninstagram.com/v/t51.82787-19/670422128_18583518070045535_3139219270193945634_n.jpg?stp=dst-jpg_s150x150_tt6&efg=eyJ2ZW5jb2RlX3RhZyI6InByb2ZpbGVfcGljLmRqYW5nby4xMDgwLmMyIn0&_nc_ht=scontent-phx1-1.cdninstagram.com&_nc_cat=111&_nc_oc=Q6cZ2gHf0ZLILTHCeYDr90j-gM6wj4bR6PQaOS3Zrth0x7UMyCoe0GQfJ66h9MVbs48cxKA&_nc_ohc=_UPuN0g9umwQ7kNvwFCucCL&_nc_gid=86UpXAJDzAZ2GTInQ8_VBQ&edm=APs17CUBAAAA&ccb=7-5&oh=00_Af27IW1xvmaJeS9Ot0nlO6Tj5YZsVTPl4PvUi-O_Ef5L_g&oe=69E96539&_nc_sid=10d13b;DJ5J9TCJBVJ
35210806937;carlaveiga5;False;https://scontent-phx1-1.cdninstagram.com/v/t51.2885-19/290129590_1058463014811044_5744839985051460459_n.jpg?stp=dst-jpg_s150x150_tt6&efg=eyJ2ZW5jb2RlX3RhZyI6InByb2ZpbGVfcGljLmRqYW5nby4xMDgwLmMyIn0&_nc_ht=scontent-phx1-1.cdninstagram.com&_nc_cat=108&_nc_oc=Q6cZ2gHf0ZLILTHCeYDr90j-gM6wj4bR6PQaOS3Zrth0x7UMyCoe0GQfJ66h9MVbs48cxKA&_nc_ohc=h_WZA-yyQY8Q7kNvwGZiPw4&_nc_gid=86UpXAJDzAZ2GTInQ8_VBQ&edm=APs17CUBAAAA&ccb=7-5&oh=00_Af3tzXkNvfZOW8ArLHxxs6CPUteHTEakxxvND2MFBzAXzA&oe=69E96527&_nc_sid=10d13b;DJ5J9TCJBVJ
2182988279;geanefedrigo;False;https://scontent-phx1-1.cdninstagram.com/v/t51.2885-19/280541522_527667505517229_4481644960244675169_n.jpg?stp=dst-jpg_s150x150_tt6&efg=eyJ2ZW5jb2RlX3RhZyI6InByb2ZpbGVfcGljLmRqYW5nby43MjAuYzIifQ&_nc_ht=scontent-phx1-1.cdninstagram.com&_nc_cat=109&_nc_oc=Q6cZ2gHf0ZLILTHCeYDr90j-gM6wj4bR6PQaOS3Zrth0x7UMyCoe0GQfJ66h9MVbs48cxKA&_nc_ohc=NTc_e8v_XC0Q7kNvwFLx6a6&_nc_gid=86UpXAJDzAZ2GTInQ8_VBQ&edm=APs17CUBAAAA&ccb=7-5&oh=00_Af1-EUluY3qd3S-1pe_1DVzVDapwgUP4mS8kJC7anR_5DA&oe=69E9844B&_nc_sid=10d13b;DJ5J9TCJBVJ
192465706;ninadalmaso;False;https://scontent-iad3-1.cdninstagram.com/v/t51.2885-19/233920649_189513579900538_5911550966466295625_n.jpg?stp=dst-jpg_s150x150_tt6&efg=eyJ2ZW5jb2RlX3RhZyI6InByb2ZpbGVfcGljLmRqYW5nby4xMDgwLmMyIn0&_nc_ht=scontent-iad3-1.cdninstagram.com&_nc_cat=110&_nc_oc=Q6cZ2gGd2zp1cr9kKP6xDfwTRrVCPtHMd1yZvjrb-JqLyogpW6D4_ZxkievF-eS8Ws_D4gA&_nc_ohc=X1t9XsR_HakQ7kNvwFfAmzC&_nc_gid=18za92vxgAjYqqgo8KC7OQ&edm=APs17CUBAAAA&ccb=7-5&oh=00_Af3NeYJEh6dntkII3Cfe_70Q4xeV_2jIX1aQZuMNuFE3Wg&oe=69E97D88&_nc_sid=10d13b;DJ630KnRcyp
11199155567;proficiencia.ufj;True;https://scontent-iad3-1.cdninstagram.com/v/t51.82787-19/607497451_18177371140371568_2762771410043236579_n.jpg?stp=dst-jpg_s150x150_tt6&efg=eyJ2ZW5jb2RlX3RhZyI6InByb2ZpbGVfcGljLmRqYW5nby42ODYuYzIifQ&_nc_ht=scontent-iad3-1.cdninstagram.com&_nc_cat=104&_nc_oc=Q6cZ2gHI8V44Gt1wzSQsSAvw6qhSg5Z5IiJlvSjUgK05Jfqm48SSgLoqnn7NhVOsT0YYMoU&_nc_ohc=CvqLZZAz1HkQ7kNvwFvsCnj&_nc_gid=-5PzAe9IUDYtTUpT1Y5dgA&edm=APs17CUBAAAA&ccb=7-5&oh=00_Af0OIfQAIUo6Cf2k_Rwm88jxoPCOtThEgHGzIlc7wMbCSw&oe=69E960C2&_nc_sid=10d13b;DJ6unk6RCfx
3119051914;igorxpreto;False;https://scontent-iad6-1.cdninstagram.com/v/t51.82787-19/588636055_18438280186099915_1553821262282842565_n.jpg?stp=dst-jpg_s150x150_tt6&efg=eyJ2ZW5jb2RlX3RhZyI6InByb2ZpbGVfcGljLmRqYW5nby4xMDgwLmMyIn0&_nc_ht=scontent-iad6-1.cdninstagram.com&_nc_cat=107&_nc_oc=Q6cZ2gEhbhC7LrORiWAPx6YQlpX2nl0wDuLa4v9GWBfuea-DR8kfWAjH-Az0gv1vbZyEGII&_nc_ohc=qpYLK56Dd3kQ7kNvwFqdiKO&_nc_gid=UxXaroCDS7fRY5fr7QeAhw&edm=APs17CUBAAAA&ccb=7-5&oh=00_Af0A8k4aoYRuPvau93TxgNNGtnPVvJ7gMmctNfybga2V8w&oe=69E977E0&_nc_sid=10d13b;DJ7jekBJKgG
9202036674;elisangelapessoa46;False;https://scontent-iad3-2.cdninstagram.com/v/t51.82787-19/622131235_18223362109308675_2535458488645607586_n.jpg?stp=dst-jpg_s150x150_tt6&efg=eyJ2ZW5jb2RlX3RhZyI6InByb2ZpbGVfcGljLmRqYW5nby4xMDgwLmMyIn0&_nc_ht=scontent-iad3-2.cdninstagram.com&_nc_cat=103&_nc_oc=Q6cZ2gEhbhC7LrORiWAPx6YQlpX2nl0wDuLa4v9GWBfuea-DR8kfWAjH-Az0gv1vbZyEGII&_nc_ohc=p5Zq_R7wf5UQ7kNvwEp74T8&_nc_gid=UxXaroCDS7fRY5fr7QeAhw&edm=APs17CUBAAAA&ccb=7-5&oh=00_Af3efZ5ZbmsGsX_UGo-TotzIIo6ECGZ1BJfZfzpRfFygeA&oe=69E9768A&_nc_sid=10d13b;DJ7jekBJKgG
376291376;deboraberly;False;https://scontent-iad3-2.cdninstagram.com/v/t51.82787-19/656822300_18585140869035377_5058002220535828134_n.jpg?stp=dst-jpg_s150x150_tt6&efg=eyJ2ZW5jb2RlX3RhZyI6InByb2ZpbGVfcGljLmRqYW5nby4xMDgwLmMyIn0&_nc_ht=scontent-iad3-2.cdninstagram.com&_nc_cat=105&_nc_oc=Q6cZ2gEhbhC7LrORiWAPx6YQlpX2nl0wDuLa4v9GWBfuea-DR8kfWAjH-Az0gv1vbZyEGII&_nc_ohc=xWHnBih7Gj8Q7kNvwG5L5AR&_nc_gid=UxXaroCDS7fRY5fr7QeAhw&edm=APs17CUBAAAA&ccb=7-5&oh=00_Af2uj47ME4p32KWEtuyK6UvQ_CdU9v2SMCDZ1JhQlIKThw&oe=69E955AB&_nc_sid=10d13b;DJ7jekBJKgG
1641669568;elen.mendonca.silva;False;https://scontent-iad3-1.cdninstagram.com/v/t51.2885-19/467845542_926044682372449_3572840186159128168_n.jpg?stp=dst-jpg_s150x150_tt6&efg=eyJ2ZW5jb2RlX3RhZyI6InByb2ZpbGVfcGljLmRqYW5nby4xMDgwLmMyIn0&_nc_ht=scontent-iad3-1.cdninstagram.com&_nc_cat=101&_nc_oc=Q6cZ2gEhbhC7LrORiWAPx6YQlpX2nl0wDuLa4v9GWBfuea-DR8kfWAjH-Az0gv1vbZyEGII&_nc_ohc=_OamATcQphEQ7kNvwFGeGhk&_nc_gid=UxXaroCDS7fRY5fr7QeAhw&edm=APs17CUBAAAA&ccb=7-5&oh=00_Af3fECWo1iB2KZtZzRLCSn4ecNHXWsdyzQaTjfH0ij-qGA&oe=69E975D7&_nc_sid=10d13b;DJ7jekBJKgG
4175847142;alinedalcimdossantos;False;https://scontent-iad3-2.cdninstagram.com/v/t51.2885-19/466555359_1375121730127985_3361676527178053068_n.jpg?stp=dst-jpg_s150x150_tt6&efg=eyJ2ZW5jb2RlX3RhZyI6InByb2ZpbGVfcGljLmRqYW5nby4xMDgwLmMyIn0&_nc_ht=scontent-iad3-2.cdninstagram.com&_nc_cat=105&_nc_oc=Q6cZ2gEhbhC7LrORiWAPx6YQlpX2nl0wDuLa4v9GWBfuea-DR8kfWAjH-Az0gv1vbZyEGII&_nc_ohc=QbyjJtvyzykQ7kNvwFQh0p6&_nc_gid=UxXaroCDS7fRY5fr7QeAhw&edm=APs17CUBAAAA&ccb=7-5&oh=00_Af3XtH_RjMjl2HTutH6pPmt2DEuzBdw63kq-2X_rcatEVA&oe=69E96005&_nc_sid=10d13b;DJ7jekBJKgG
67940389590;ateliefogo;False;https://scontent-iad3-2.cdninstagram.com/v/t51.82787-19/658506084_17923705188269591_8406333217440677348_n.jpg?stp=dst-jpg_s150x150_tt6&efg=eyJ2ZW5jb2RlX3RhZyI6InByb2ZpbGVfcGljLmRqYW5nby4xMDgwLmMyIn0&_nc_ht=scontent-iad3-2.cdninstagram.com&_nc_cat=111&_nc_oc=Q6cZ2gEhbhC7LrORiWAPx6YQlpX2nl0wDuLa4v9GWBfuea-DR8kfWAjH-Az0gv1vbZyEGII&_nc_ohc=upaU8jqvJNAQ7kNvwFABCmX&_nc_gid=UxXaroCDS7fRY5fr7QeAhw&edm=APs17CUBAAAA&ccb=7-5&oh=00_Af2-CBE_FDHxEmtIw370S_uSNv9eAPF3E5TAkY5-4XzD5Q&oe=69E97F90&_nc_sid=10d13b;DJ7jekBJKgG
1203290228;biancamanfrin;False;https://scontent-ord5-1.cdninstagram.com/v/t51.82787-19/661012131_18593912824026229_3769251480222799708_n.jpg?stp=dst-jpg_s150x150_tt6&efg=eyJ2ZW5jb2RlX3RhZyI6InByb2ZpbGVfcGljLmRqYW5nby4xMDgwLmMyIn0&_nc_ht=scontent-ord5-1.cdninstagram.com&_nc_cat=101&_nc_oc=Q6cZ2gFpKDbaBZC-1CYoqvI0mtRyfh7yvsxeYdhmQ01yk_tLlslQsM0q4WSQ9W6TbBdj6pw&_nc_ohc=H2rZuM4rwcUQ7kNvwE2oKMs&_nc_gid=8BeqLnjkG9UlAJwOx07byw&edm=APs17CUBAAAA&ccb=7-5&oh=00_Af1ZAIhFozGufzYMOFY-br7AgwdFY5GaSRaFDHXEtpnFmA&oe=69E96D0E&_nc_sid=10d13b;DJ7XmcexhRk
72879790838;cris54687;False;https://scontent-ord5-2.cdninstagram.com/v/t51.2885-19/499254591_17856519513430839_7795356300539536873_n.jpg?stp=dst-jpg_s150x150_tt6&efg=eyJ2ZW5jb2RlX3RhZyI6InByb2ZpbGVfcGljLmRqYW5nby45MjguYzIifQ&_nc_ht=scontent-ord5-2.cdninstagram.com&_nc_cat=103&_nc_oc=Q6cZ2gFpKDbaBZC-1CYoqvI0mtRyfh7yvsxeYdhmQ01yk_tLlslQsM0q4WSQ9W6TbBdj6pw&_nc_ohc=v5_g4AZo94UQ7kNvwEpL6Nm&_nc_gid=8BeqLnjkG9UlAJwOx07byw&edm=APs17CUBAAAA&ccb=7-5&oh=00_Af36E2xN-hj1UcY793eRYqBq09xLi43LamgTFlbggAS4XA&oe=69E96914&_nc_sid=10d13b;DJ7XmcexhRk
8058118948;joseluzardocruzbrum;False;https://scontent-ord5-2.cdninstagram.com/v/t51.2885-19/503772788_18279722371270949_2679464494149746608_n.jpg?stp=dst-jpg_s150x150_tt6&efg=eyJ2ZW5jb2RlX3RhZyI6InByb2ZpbGVfcGljLmRqYW5nby43MTguYzIifQ&_nc_ht=scontent-ord5-2.cdninstagram.com&_nc_cat=105&_nc_oc=Q6cZ2gFpKDbaBZC-1CYoqvI0mtRyfh7yvsxeYdhmQ01yk_tLlslQsM0q4WSQ9W6TbBdj6pw&_nc_ohc=KnoeEJInTmYQ7kNvwEWh_tY&_nc_gid=8BeqLnjkG9UlAJwOx07byw&edm=APs17CUBAAAA&ccb=7-5&oh=00_Af2c6JZNzTHiR9CBIH5SkPd31iSlVSp83Uwl2oUa-s8HLQ&oe=69E958CC&_nc_sid=10d13b;DJ7XmcexhRk
7346002003;jacielesell;False;https://scontent-ord5-2.cdninstagram.com/v/t51.2885-19/503939651_18308188600242004_3544402739633820291_n.jpg?stp=dst-jpg_s150x150_tt6&efg=eyJ2ZW5jb2RlX3RhZyI6InByb2ZpbGVfcGljLmRqYW5nby4xMDgwLmMyIn0&_nc_ht=scontent-ord5-2.cdninstagram.com&_nc_cat=104&_nc_oc=Q6cZ2gFpKDbaBZC-1CYoqvI0mtRyfh7yvsxeYdhmQ01yk_tLlslQsM0q4WSQ9W6TbBdj6pw&_nc_ohc=v0OBjKg-a9gQ7kNvwEe-b_b&_nc_gid=8BeqLnjkG9UlAJwOx07byw&edm=APs17CUBAAAA&ccb=7-5&oh=00_Af0RXFi-KwC9Jzi6UfsIUjZI0Ipvj9ibR_Mq_s7oiUPDDw&oe=69E965F3&_nc_sid=10d13b;DJ7XmcexhRk
753135871;yasmeirlles;False;https://scontent-ord5-1.cdninstagram.com/v/t51.82787-19/657666126_18566533642047872_1676218396306656697_n.jpg?stp=dst-jpg_s150x150_tt6&efg=eyJ2ZW5jb2RlX3RhZyI6InByb2ZpbGVfcGljLmRqYW5nby44MjguYzIifQ&_nc_ht=scontent-ord5-1.cdninstagram.com&_nc_cat=108&_nc_oc=Q6cZ2gFpKDbaBZC-1CYoqvI0mtRyfh7yvsxeYdhmQ01yk_tLlslQsM0q4WSQ9W6TbBdj6pw&_nc_ohc=e42EcxysSu0Q7kNvwFA9jUh&_nc_gid=8BeqLnjkG9UlAJwOx07byw&edm=APs17CUBAAAA&ccb=7-5&oh=00_Af16pdyp3SpNJDFHqLpNS310AIX-2Y7wVGYFM3rDCSBPwA&oe=69E95D69&_nc_sid=10d13b;DJ7XmcexhRk
605399651;livschrm;False;https://scontent-ord5-2.cdninstagram.com/v/t51.82787-19/588621263_18546998938023652_7128842012348321624_n.jpg?stp=dst-jpg_s150x150_tt6&efg=eyJ2ZW5jb2RlX3RhZyI6InByb2ZpbGVfcGljLmRqYW5nby42NDAuYzIifQ&_nc_ht=scontent-ord5-2.cdninstagram.com&_nc_cat=104&_nc_oc=Q6cZ2gFpKDbaBZC-1CYoqvI0mtRyfh7yvsxeYdhmQ01yk_tLlslQsM0q4WSQ9W6TbBdj6pw&_nc_ohc=-jmOfnXL8ggQ7kNvwF0i7E_&_nc_gid=8BeqLnjkG9UlAJwOx07byw&edm=APs17CUBAAAA&ccb=7-5&oh=00_Af07VSOE4mAsYUxIKEu5iiWbLhU5hfsn6hcd9Ydug7fXvQ&oe=69E95299&_nc_sid=10d13b;DJ7XmcexhRk
61090341959;odouglasjardim;False;https://scontent-ord5-2.cdninstagram.com/v/t51.82787-19/621578725_17961740229037960_4802801405640888932_n.jpg?stp=dst-jpg_s150x150_tt6&efg=eyJ2ZW5jb2RlX3RhZyI6InByb2ZpbGVfcGljLmRqYW5nby4xMDgwLmMyIn0&_nc_ht=scontent-ord5-2.cdninstagram.com&_nc_cat=104&_nc_oc=Q6cZ2gFpKDbaBZC-1CYoqvI0mtRyfh7yvsxeYdhmQ01yk_tLlslQsM0q4WSQ9W6TbBdj6pw&_nc_ohc=AhEmG-1Gj8oQ7kNvwG4OpFb&_nc_gid=8BeqLnjkG9UlAJwOx07byw&edm=APs17CUBAAAA&ccb=7-5&oh=00_Af0zrDRD6R3vxNCebfeClXXKBV7FDPwHTPebum9_iT7WAg&oe=69E96070&_nc_sid=10d13b;DJ7XmcexhRk
540852449;eduardakenner;False;https://scontent-ord5-2.cdninstagram.com/v/t51.82787-19/656869567_18569479183052450_7948066201535501241_n.jpg?stp=dst-jpg_s150x150_tt6&efg=eyJ2ZW5jb2RlX3RhZyI6InByb2ZpbGVfcGljLmRqYW5nby4xMDgwLmMyIn0&_nc_ht=scontent-ord5-2.cdninstagram.com&_nc_cat=102&_nc_oc=Q6cZ2gFpKDbaBZC-1CYoqvI0mtRyfh7yvsxeYdhmQ01yk_tLlslQsM0q4WSQ9W6TbBdj6pw&_nc_ohc=N2RHj7YZKUUQ7kNvwFYLJqJ&_nc_gid=8BeqLnjkG9UlAJwOx07byw&edm=APs17CUBAAAA&ccb=7-5&oh=00_Af3snr1Y-7FkgRI_Sc2x6qFOqHQzglu4D8Ih-w9elQs8Lg&oe=69E95387&_nc_sid=10d13b;DJ7XmcexhRk
39022340144;alineecotur;False;https://scontent-dfw6-1.cdninstagram.com/v/t51.2885-19/110030744_208705687171758_7028109542950501917_n.jpg?stp=dst-jpg_s150x150_tt6&efg=eyJ2ZW5jb2RlX3RhZyI6InByb2ZpbGVfcGljLmRqYW5nby43NTguYzIifQ&_nc_ht=scontent-dfw6-1.cdninstagram.com&_nc_cat=106&_nc_oc=Q6cZ2gE5G5oUqpqBAyE2OixFxxTr_O3e3Rlv6ryCqDnpqqm5uzJuW88nwr7Rn4Gly0mqokU&_nc_ohc=0QOCdqo2zAoQ7kNvwGpQbyu&_nc_gid=ol36bmfI5D2aLestbXq8UA&edm=APs17CUBAAAA&ccb=7-5&oh=00_Af0KFxY9cJnf0DdNdCpLV5_-qQ3YRQxRWMFwaIrdd-YB5A&oe=69E96871&_nc_sid=10d13b;DJ7ZoL4J2l-
7119911924;bernardo_fischer2004;False;https://scontent-dfw6-1.cdninstagram.com/v/t51.2885-19/236626667_684327546300902_4158057952178198532_n.jpg?stp=dst-jpg_s150x150_tt6&efg=eyJ2ZW5jb2RlX3RhZyI6InByb2ZpbGVfcGljLmRqYW5nby45NTYuYzIifQ&_nc_ht=scontent-dfw6-1.cdninstagram.com&_nc_cat=102&_nc_oc=Q6cZ2gE5G5oUqpqBAyE2OixFxxTr_O3e3Rlv6ryCqDnpqqm5uzJuW88nwr7Rn4Gly0mqokU&_nc_ohc=0bFHV1GvVi8Q7kNvwHMWpTQ&_nc_gid=ol36bmfI5D2aLestbXq8UA&edm=APs17CUBAAAA&ccb=7-5&oh=00_Af09s0nKxjfR5HMePM9kL4CkgyuHLYx8ZYA7_AA4g7A3Xw&oe=69E96B4B&_nc_sid=10d13b;DJ7ZoL4J2l-
1917456806;_.jeds;False;https://scontent-dfw5-1.cdninstagram.com/v/t51.82787-19/643032640_18578251963016807_8308091648607948678_n.jpg?stp=dst-jpg_s150x150_tt6&efg=eyJ2ZW5jb2RlX3RhZyI6InByb2ZpbGVfcGljLmRqYW5nby45NTkuYzIifQ&_nc_ht=scontent-dfw5-1.cdninstagram.com&_nc_cat=111&_nc_oc=Q6cZ2gE5G5oUqpqBAyE2OixFxxTr_O3e3Rlv6ryCqDnpqqm5uzJuW88nwr7Rn4Gly0mqokU&_nc_ohc=7lcxBUiiVd8Q7kNvwEJ1gq7&_nc_gid=ol36bmfI5D2aLestbXq8UA&edm=APs17CUBAAAA&ccb=7-5&oh=00_Af3iq4daZySpHr5xwxCwACzjO0VcsR772or9A05QQ5cctQ&oe=69E9723C&_nc_sid=10d13b;DJ7ZoL4J2l-
8517743182;anagrxavier;False;https://scontent-dfw6-1.cdninstagram.com/v/t51.82787-19/567878970_18291434209287183_7131596198597265707_n.jpg?stp=dst-jpg_s150x150_tt6&efg=eyJ2ZW5jb2RlX3RhZyI6InByb2ZpbGVfcGljLmRqYW5nby4xMDgwLmMyIn0&_nc_ht=scontent-dfw6-1.cdninstagram.com&_nc_cat=103&_nc_oc=Q6cZ2gE5G5oUqpqBAyE2OixFxxTr_O3e3Rlv6ryCqDnpqqm5uzJuW88nwr7Rn4Gly0mqokU&_nc_ohc=jpRH1DRxTv0Q7kNvwH7fZW3&_nc_gid=ol36bmfI5D2aLestbXq8UA&edm=APs17CUBAAAA&ccb=7-5&oh=00_Af1AZcGuy4OLp6zJgmS8fmop9fHhVUEmjIF5rQGmlPeu5w&oe=69E97DCD&_nc_sid=10d13b;DJ7ZoL4J2l-
53427148576;projetonaufragos;False;https://scontent-iad3-2.cdninstagram.com/v/t51.2885-19/491267982_601658359560615_5142834725336804707_n.jpg?stp=dst-jpg_s150x150_tt6&efg=eyJ2ZW5jb2RlX3RhZyI6InByb2ZpbGVfcGljLmRqYW5nby43MjguYzIifQ&_nc_ht=scontent-iad3-2.cdninstagram.com&_nc_cat=103&_nc_oc=Q6cZ2gEu6J9KsTNXgqhm4oB5Rf2j6eGZfIY1hyv4TM_w39sRQ59BZiS-5yCRzCY3MhVf_ay9x1YBr9ypVnkt3JtgWjVJ&_nc_ohc=0x1e3-_lNpAQ7kNvwH6BYzW&_nc_gid=J4dO9xg2CCf1OESugfVulA&edm=APs17CUBAAAA&ccb=7-5&oh=00_Af0M7rpSJjPtXkbsnUDJ7LQXeLZ1YsKZ54aEZBV8skRBqQ&oe=69E96017&_nc_sid=10d13b;DJ90M-cvd_9
67257367632;castracaouern;False;https://scontent-iad3-2.cdninstagram.com/v/t51.2885-19/448172501_840564811282433_6694815267405630949_n.jpg?stp=dst-jpg_s150x150_tt6&efg=eyJ2ZW5jb2RlX3RhZyI6InByb2ZpbGVfcGljLmRqYW5nby4xMDgwLmMyIn0&_nc_ht=scontent-iad3-2.cdninstagram.com&_nc_cat=105&_nc_oc=Q6cZ2gEu6J9KsTNXgqhm4oB5Rf2j6eGZfIY1hyv4TM_w39sRQ59BZiS-5yCRzCY3MhVf_ay9x1YBr9ypVnkt3JtgWjVJ&_nc_ohc=xRKUwqog_s0Q7kNvwF0ihiv&_nc_gid=J4dO9xg2CCf1OESugfVulA&edm=APs17CUBAAAA&ccb=7-5&oh=00_Af2YRGxd4qstOiHc9FJ8J38UkPi04iHYrm3NULCPyfjgVA&oe=69E95974&_nc_sid=10d13b;DJ90M-cvd_9
1156509149;guirubenich;False;https://scontent-iad6-1.cdninstagram.com/v/t51.82787-19/650779901_18583143220029150_5437207592654058696_n.jpg?stp=dst-jpg_s150x150_tt6&efg=eyJ2ZW5jb2RlX3RhZyI6InByb2ZpbGVfcGljLmRqYW5nby4xMDgwLmMyIn0&_nc_ht=scontent-iad6-1.cdninstagram.com&_nc_cat=106&_nc_oc=Q6cZ2gEu6J9KsTNXgqhm4oB5Rf2j6eGZfIY1hyv4TM_w39sRQ59BZiS-5yCRzCY3MhVf_ay9x1YBr9ypVnkt3JtgWjVJ&_nc_ohc=SP2XXUOqxDAQ7kNvwGGtzCo&_nc_gid=J4dO9xg2CCf1OESugfVulA&edm=APs17CUBAAAA&ccb=7-5&oh=00_Af1zF3NC9iRbb3k06ofr1qbb5_w00F4EZU7wlldOgsOAJQ&oe=69E956A7&_nc_sid=10d13b;DJ90M-cvd_9
739399775;nanicamartins;False;https://scontent-iad3-1.cdninstagram.com/v/t51.2885-19/495889168_18506641621007776_2544230268381107425_n.jpg?stp=dst-jpg_s150x150_tt6&efg=eyJ2ZW5jb2RlX3RhZyI6InByb2ZpbGVfcGljLmRqYW5nby44OTEuYzIifQ&_nc_ht=scontent-iad3-1.cdninstagram.com&_nc_cat=104&_nc_oc=Q6cZ2gEu6J9KsTNXgqhm4oB5Rf2j6eGZfIY1hyv4TM_w39sRQ59BZiS-5yCRzCY3MhVf_ay9x1YBr9ypVnkt3JtgWjVJ&_nc_ohc=rvIpIxpak_cQ7kNvwGgPoKM&_nc_gid=J4dO9xg2CCf1OESugfVulA&edm=APs17CUBAAAA&ccb=7-5&oh=00_Af33aeHHPzhz-6ZA7u6vFLfhT3H4ZV49wUKpCBkKwkazBw&oe=69E97E66&_nc_sid=10d13b;DJ90M-cvd_9
1440057895;kharlarabelo;False;https://scontent-iad3-1.cdninstagram.com/v/t51.2885-19/10005695_778394775558932_853166826_a.jpg?stp=dst-jpg_s150x150_tt6&efg=eyJ2ZW5jb2RlX3RhZyI6InByb2ZpbGVfcGljLmRqYW5nby4xNTAuYzIifQ&_nc_ht=scontent-iad3-1.cdninstagram.com&_nc_cat=108&_nc_oc=Q6cZ2gEu6J9KsTNXgqhm4oB5Rf2j6eGZfIY1hyv4TM_w39sRQ59BZiS-5yCRzCY3MhVf_ay9x1YBr9ypVnkt3JtgWjVJ&_nc_ohc=7f8827PazlQQ7kNvwE-89gF&_nc_gid=J4dO9xg2CCf1OESugfVulA&edm=APs17CUBAAAA&ccb=7-5&oh=00_Af2kuJfecEIvDfrKoXkxOyNbcNkPxEu33nlQDAiZriGjNw&oe=69E97CC1&_nc_sid=10d13b;DJ90M-cvd_9
60208098190;patinhasdoinstituto;False;https://scontent-iad6-1.cdninstagram.com/v/t51.2885-19/355844580_1616915478788949_7443909581226240392_n.jpg?stp=dst-jpg_s150x150_tt6&efg=eyJ2ZW5jb2RlX3RhZyI6InByb2ZpbGVfcGljLmRqYW5nby4zNDAuYzIifQ&_nc_ht=scontent-iad6-1.cdninstagram.com&_nc_cat=109&_nc_oc=Q6cZ2gEu6J9KsTNXgqhm4oB5Rf2j6eGZfIY1hyv4TM_w39sRQ59BZiS-5yCRzCY3MhVf_ay9x1YBr9ypVnkt3JtgWjVJ&_nc_ohc=VyQf_vsFqAUQ7kNvwEJsfr3&_nc_gid=J4dO9xg2CCf1OESugfVulA&edm=APs17CUBAAAA&ccb=7-5&oh=00_Af0GEx17US57Y2YOb-tXfcxK0DTG58qbNSzuPRlp2FOULA&oe=69E95A46&_nc_sid=10d13b;DJ90M-cvd_9
64413610037;miriamgs.gs;False;https://scontent-iad3-1.cdninstagram.com/v/t51.82787-19/552089562_17923553925146038_1594925654779903738_n.jpg?stp=dst-jpg_s150x150_tt6&efg=eyJ2ZW5jb2RlX3RhZyI6InByb2ZpbGVfcGljLmRqYW5nby41NTQuYzIifQ&_nc_ht=scontent-iad3-1.cdninstagram.com&_nc_cat=110&_nc_oc=Q6cZ2gEu6J9KsTNXgqhm4oB5Rf2j6eGZfIY1hyv4TM_w39sRQ59BZiS-5yCRzCY3MhVf_ay9x1YBr9ypVnkt3JtgWjVJ&_nc_ohc=KzAqP0Qto-gQ7kNvwFlsBKs&_nc_gid=J4dO9xg2CCf1OESugfVulA&edm=APs17CUBAAAA&ccb=7-5&oh=00_Af3b3rlDoQgV7uxQvrNmdJSdd1-HBwK4zQyfHXR8LsTNMg&oe=69E98532&_nc_sid=10d13b;DJ90M-cvd_9
287717996;amandapicoli_;False;https://scontent-iad6-1.cdninstagram.com/v/t51.82787-19/657676924_18578794057037997_8194128858886957490_n.jpg?stp=dst-jpg_s150x150_tt6&efg=eyJ2ZW5jb2RlX3RhZyI6InByb2ZpbGVfcGljLmRqYW5nby4xMDgwLmMyIn0&_nc_ht=scontent-iad6-1.cdninstagram.com&_nc_cat=109&_nc_oc=Q6cZ2gEu6J9KsTNXgqhm4oB5Rf2j6eGZfIY1hyv4TM_w39sRQ59BZiS-5yCRzCY3MhVf_ay9x1YBr9ypVnkt3JtgWjVJ&_nc_ohc=mw-aSz4bNBUQ7kNvwHTHLb3&_nc_gid=J4dO9xg2CCf1OESugfVulA&edm=APs17CUBAAAA&ccb=7-5&oh=00_Af3UAFlGElPZVMG9WASOFIsVyQEEITtdyAAyE-90yy2bdQ&oe=69E97CB6&_nc_sid=10d13b;DJ90M-cvd_9
45036472873;kaue_escobar__;False;https://scontent-iad3-1.cdninstagram.com/v/t51.82787-19/611297284_18095613227496874_3880089078607497594_n.jpg?stp=dst-jpg_s150x150_tt6&efg=eyJ2ZW5jb2RlX3RhZyI6InByb2ZpbGVfcGljLmRqYW5nby4xMDgwLmMyIn0&_nc_ht=scontent-iad3-1.cdninstagram.com&_nc_cat=110&_nc_oc=Q6cZ2gHe9ns69SHOK6KoE29YYwmlMQuMw8gtqxfpYfYfKOPnpVSg4DmohmF2CMo7Gm97k94&_nc_ohc=b7eEnRIVhRsQ7kNvwFQyMju&_nc_gid=NWjOchLm7rEcqlVcuK6n_Q&edm=APs17CUBAAAA&ccb=7-5&oh=00_Af1GLQRKb7hl5Q0z3g2VUr3EPW912gf9XFGdZ-ZseFWg1w&oe=69E962F9&_nc_sid=10d13b;DJ9bfPfRMcs
1701686194;madjiguene_rangel;False;https://scontent-iad6-1.cdninstagram.com/v/t51.2885-19/343251657_808759200119397_1206578769454884263_n.jpg?stp=dst-jpg_s150x150_tt6&efg=eyJ2ZW5jb2RlX3RhZyI6InByb2ZpbGVfcGljLmRqYW5nby4xMDgwLmMyIn0&_nc_ht=scontent-iad6-1.cdninstagram.com&_nc_cat=109&_nc_oc=Q6cZ2gHe9ns69SHOK6KoE29YYwmlMQuMw8gtqxfpYfYfKOPnpVSg4DmohmF2CMo7Gm97k94&_nc_ohc=TMtBR36Ue_AQ7kNvwFxLtMq&_nc_gid=NWjOchLm7rEcqlVcuK6n_Q&edm=APs17CUBAAAA&ccb=7-5&oh=00_Af2rftsWfmMX3L5_-WUkA79D6MTVT7xU0fsguYyarIB5Xg&oe=69E97954&_nc_sid=10d13b;DJ9bfPfRMcs
7396927762;limarosangeladacosta;False;https://instagram.ffdo1-1.fna.fbcdn.net/v/t51.2885-19/573323465_1219825463302212_7278921664109726296_n.png?stp=dst-jpg_e0_s150x150_tt6&efg=eyJ2ZW5jb2RlX3RhZyI6InByb2ZpbGVfcGljLmRqYW5nby4xNTAuYzIifQ&_nc_ht=instagram.ffdo1-1.fna.fbcdn.net&_nc_cat=1&_nc_oc=Q6cZ2gFRQhQGZskp0UjIu_IgtDZYDenSljnAbT0Kyg2pLmFsI0l2virF6-7SKx3w-vb4W9Qtvq1IeX5WpHXZz-9Z1PUN&_nc_ohc=bp7lUiPCqnEQ7kNvwEhGpJV&_nc_gid=Jp4t0M_a5BXSVLP1_tFNmg&edm=APwHDrQBAAAA&ccb=7-5&ig_cache_key=YW5vbnltb3VzX3Byb2ZpbGVfcGlj.3-ccb7-5&oh=00_Af11jlJFYC3ZoH1yahJMWGNK4Fx4cLDHTnrDSrnHZe92Rw&oe=69E9656A&_nc_sid=8809c9;DJ9bfPfRMcs
34980643778;perdigones3;False;https://scontent-iad3-2.cdninstagram.com/v/t51.2885-19/321033693_1616712365428487_5704089599089220526_n.jpg?stp=dst-jpg_s150x150_tt6&efg=eyJ2ZW5jb2RlX3RhZyI6InByb2ZpbGVfcGljLmRqYW5nby42MzguYzIifQ&_nc_ht=scontent-iad3-2.cdninstagram.com&_nc_cat=111&_nc_oc=Q6cZ2gHe9ns69SHOK6KoE29YYwmlMQuMw8gtqxfpYfYfKOPnpVSg4DmohmF2CMo7Gm97k94&_nc_ohc=vNpKMzzsgacQ7kNvwG6IOYe&_nc_gid=NWjOchLm7rEcqlVcuK6n_Q&edm=APs17CUBAAAA&ccb=7-5&oh=00_Af1IUNE5ULb98a2O1P8ugKGfMHZkyqRieb2Tp_4L1i1qvA&oe=69E956DE&_nc_sid=10d13b;DJ9bfPfRMcs
174413436;vanessasilber;False;https://scontent-iad6-1.cdninstagram.com/v/t51.2885-19/470160979_992689356213786_7499470436981175519_n.jpg?stp=dst-jpg_s150x150_tt6&efg=eyJ2ZW5jb2RlX3RhZyI6InByb2ZpbGVfcGljLmRqYW5nby4xMDgwLmMyIn0&_nc_ht=scontent-iad6-1.cdninstagram.com&_nc_cat=106&_nc_oc=Q6cZ2gHe9ns69SHOK6KoE29YYwmlMQuMw8gtqxfpYfYfKOPnpVSg4DmohmF2CMo7Gm97k94&_nc_ohc=v7kU95dTiEMQ7kNvwFs1y0N&_nc_gid=NWjOchLm7rEcqlVcuK6n_Q&edm=APs17CUBAAAA&ccb=7-5&oh=00_Af302Blao4FpFBnoQ8lBw2LoRR5bVdSduYC2ewsELKg98g&oe=69E9783A&_nc_sid=10d13b;DJ9bfPfRMcs
1816253905;isadora_berta;False;https://scontent-iad6-1.cdninstagram.com/v/t51.82787-19/627690262_18559643548061906_2461976074931053021_n.jpg?stp=dst-jpg_s150x150_tt6&efg=eyJ2ZW5jb2RlX3RhZyI6InByb2ZpbGVfcGljLmRqYW5nby45NjAuYzIifQ&_nc_ht=scontent-iad6-1.cdninstagram.com&_nc_cat=102&_nc_oc=Q6cZ2gHe9ns69SHOK6KoE29YYwmlMQuMw8gtqxfpYfYfKOPnpVSg4DmohmF2CMo7Gm97k94&_nc_ohc=0imPmFu3VgAQ7kNvwFPR3vv&_nc_gid=NWjOchLm7rEcqlVcuK6n_Q&edm=APs17CUBAAAA&ccb=7-5&oh=00_Af3iMDoAieoXanV9f4YGgQmVACowrlwUvqvEjOavl5O0Xw&oe=69E9648C&_nc_sid=10d13b;DJ9bfPfRMcs
52265487136;clarissaqueiroz31;False;https://scontent-sjc6-1.cdninstagram.com/v/t51.2885-19/277597835_435380788388724_4706462557258591015_n.jpg?stp=dst-jpg_s150x150_tt6&efg=eyJ2ZW5jb2RlX3RhZyI6InByb2ZpbGVfcGljLmRqYW5nby43MjAuYzIifQ&_nc_ht=scontent-sjc6-1.cdninstagram.com&_nc_cat=100&_nc_oc=Q6cZ2gE2Z1fHgXwInMFpbbemL_BZ2JDs9DYkNM-mZOxUN5xEPx8NtJr9MLj2IM5Vn33mqA4&_nc_ohc=3o4bxVJsIMMQ7kNvwG08ouS&_nc_gid=V-Yx-VNR7vRLGcnwBOvafA&edm=APs17CUBAAAA&ccb=7-5&oh=00_Af2x6BtWItrttOfcFdqXomWpvpaz9MCJXB8G7PIWhs8gvg&oe=69E97C52&_nc_sid=10d13b;DJ9NCJqOH35
47735762677;costakatiabarbosa;False;https://scontent-sjc3-1.cdninstagram.com/v/t51.2885-19/298021229_112443658231529_8130718282414894747_n.jpg?stp=dst-jpg_s150x150_tt6&efg=eyJ2ZW5jb2RlX3RhZyI6InByb2ZpbGVfcGljLmRqYW5nby43NjguYzIifQ&_nc_ht=scontent-sjc3-1.cdninstagram.com&_nc_cat=105&_nc_oc=Q6cZ2gE2Z1fHgXwInMFpbbemL_BZ2JDs9DYkNM-mZOxUN5xEPx8NtJr9MLj2IM5Vn33mqA4&_nc_ohc=8DMGMAuMi5YQ7kNvwFL-802&_nc_gid=V-Yx-VNR7vRLGcnwBOvafA&edm=APs17CUBAAAA&ccb=7-5&oh=00_Af2DK_gNu1kABZ_oDDHWLQl_cE8mXINUux-KPPrbiBdM0A&oe=69E98624&_nc_sid=10d13b;DJ9NCJqOH35
2280631745;albummbel;False;https://scontent-sjc6-1.cdninstagram.com/v/t51.2885-19/443842529_335349882910610_368377622436580172_n.jpg?stp=dst-jpg_s150x150_tt6&efg=eyJ2ZW5jb2RlX3RhZyI6InByb2ZpbGVfcGljLmRqYW5nby4xMDgwLmMyIn0&_nc_ht=scontent-sjc6-1.cdninstagram.com&_nc_cat=102&_nc_oc=Q6cZ2gE2Z1fHgXwInMFpbbemL_BZ2JDs9DYkNM-mZOxUN5xEPx8NtJr9MLj2IM5Vn33mqA4&_nc_ohc=yTT8EPOp4bkQ7kNvwH07PMU&_nc_gid=V-Yx-VNR7vRLGcnwBOvafA&edm=APs17CUBAAAA&ccb=7-5&oh=00_Af2-Owg5RJeDYt0wyUkqeqPlNScSdWuY1bwPxCESLIhdvw&oe=69E976F4&_nc_sid=10d13b;DJ9NCJqOH35
4008442533;gislaine7166;False;https://scontent-sjc6-1.cdninstagram.com/v/t51.2885-19/460811938_1049447010017072_4132274879009700943_n.jpg?stp=dst-jpg_s150x150_tt6&efg=eyJ2ZW5jb2RlX3RhZyI6InByb2ZpbGVfcGljLmRqYW5nby45NTcuYzIifQ&_nc_ht=scontent-sjc6-1.cdninstagram.com&_nc_cat=108&_nc_oc=Q6cZ2gE2Z1fHgXwInMFpbbemL_BZ2JDs9DYkNM-mZOxUN5xEPx8NtJr9MLj2IM5Vn33mqA4&_nc_ohc=3yafQRo-R00Q7kNvwHfNAp8&_nc_gid=V-Yx-VNR7vRLGcnwBOvafA&edm=APs17CUBAAAA&ccb=7-5&oh=00_Af09EGC6DFb2aKL72QV84nrTVDnE0I2jUb3udRn1oi-EWw&oe=69E9870F&_nc_sid=10d13b;DJ9NCJqOH35
34506799257;dupladedoismartinmabel;False;https://scontent-sjc3-1.cdninstagram.com/v/t51.2885-19/437088931_1112123380027390_7079846745915702580_n.jpg?stp=dst-jpg_s150x150_tt6&efg=eyJ2ZW5jb2RlX3RhZyI6InByb2ZpbGVfcGljLmRqYW5nby4xMDgwLmMyIn0&_nc_ht=scontent-sjc3-1.cdninstagram.com&_nc_cat=110&_nc_oc=Q6cZ2gE2Z1fHgXwInMFpbbemL_BZ2JDs9DYkNM-mZOxUN5xEPx8NtJr9MLj2IM5Vn33mqA4&_nc_ohc=_r95wC43JSEQ7kNvwHDMsnO&_nc_gid=V-Yx-VNR7vRLGcnwBOvafA&edm=APs17CUBAAAA&ccb=7-5&oh=00_Af39zjiBHuwGcBeKBFLmrku32iPLOVmVilkrv5AHxiS60Q&oe=69E967A2&_nc_sid=10d13b;DJ9NCJqOH35
3227994601;clis.1;False;https://scontent-sjc6-1.cdninstagram.com/v/t51.2885-19/52168080_2075954979363228_2547033078178512896_n.jpg?stp=dst-jpg_s150x150_tt6&efg=eyJ2ZW5jb2RlX3RhZyI6InByb2ZpbGVfcGljLmRqYW5nby4xMDgwLmMyIn0&_nc_ht=scontent-sjc6-1.cdninstagram.com&_nc_cat=100&_nc_oc=Q6cZ2gE2Z1fHgXwInMFpbbemL_BZ2JDs9DYkNM-mZOxUN5xEPx8NtJr9MLj2IM5Vn33mqA4&_nc_ohc=Quc1yAfY3v8Q7kNvwFeocKF&_nc_gid=V-Yx-VNR7vRLGcnwBOvafA&edm=APs17CUBAAAA&ccb=7-5&oh=00_Af0EQtiBAlqWO4OYzKfd0ghzdaP3H9vVsK5-gYMj9hfmcg&oe=69E956B2&_nc_sid=10d13b;DJ9NCJqOH35
13468557413;jefferson.k.pinheiro;False;https://scontent-ord5-1.cdninstagram.com/v/t51.2885-19/428339598_945991977091808_656840152577520550_n.jpg?stp=dst-jpg_s150x150_tt6&efg=eyJ2ZW5jb2RlX3RhZyI6InByb2ZpbGVfcGljLmRqYW5nby4xMDgwLmMyIn0&_nc_ht=scontent-ord5-1.cdninstagram.com&_nc_cat=108&_nc_oc=Q6cZ2gHja1n1z3WsN8Gv09Zp8VVku26DjXWjziEv0yrmlO81rqMA4Ccoj7SoIeOuCV73jIo&_nc_ohc=9AWtRlDdFwIQ7kNvwHJpC12&_nc_gid=AlUQqbMgqVKTOA2aDPHajw&edm=APs17CUBAAAA&ccb=7-5&oh=00_Af0ppD1HJS6uEl920X2M0OduQDPBEYkjDZHiZ9Ke3ERGXw&oe=69E976EB&_nc_sid=10d13b;DKAHqt4x3uU
67828145989;festivalarmazem;False;https://scontent-ord5-2.cdninstagram.com/v/t51.2885-19/457614957_1049896103520914_4904127683302368873_n.jpg?stp=dst-jpg_s150x150_tt6&efg=eyJ2ZW5jb2RlX3RhZyI6InByb2ZpbGVfcGljLmRqYW5nby4xMDUxLmMyIn0&_nc_ht=scontent-ord5-2.cdninstagram.com&_nc_cat=102&_nc_oc=Q6cZ2gHja1n1z3WsN8Gv09Zp8VVku26DjXWjziEv0yrmlO81rqMA4Ccoj7SoIeOuCV73jIo&_nc_ohc=zNUNpYzUOtQQ7kNvwGZuoPE&_nc_gid=AlUQqbMgqVKTOA2aDPHajw&edm=APs17CUBAAAA&ccb=7-5&oh=00_Af2_LO0cXe5Npzgd37ik8LX08S5BYj0ongJ_k5xNUm3igw&oe=69E982D2&_nc_sid=10d13b;DKAHqt4x3uU
1549498763;patriciacurri.paticurri;False;https://scontent-ord5-2.cdninstagram.com/v/t51.82787-19/591146532_18541890169058764_1177060659676713025_n.jpg?stp=dst-jpg_s150x150_tt6&efg=eyJ2ZW5jb2RlX3RhZyI6InByb2ZpbGVfcGljLmRqYW5nby42ODQuYzIifQ&_nc_ht=scontent-ord5-2.cdninstagram.com&_nc_cat=104&_nc_oc=Q6cZ2gHja1n1z3WsN8Gv09Zp8VVku26DjXWjziEv0yrmlO81rqMA4Ccoj7SoIeOuCV73jIo&_nc_ohc=Gu-gJykk_XAQ7kNvwH5RO6b&_nc_gid=AlUQqbMgqVKTOA2aDPHajw&edm=APs17CUBAAAA&ccb=7-5&oh=00_Af0zWjGuO54AZY0XYewR-WWtMB-g3z52MkfqzF0QyFt9Rg&oe=69E972BB&_nc_sid=10d13b;DKAHqt4x3uU
7585824434;radiosufsm;False;https://scontent-ord5-1.cdninstagram.com/v/t51.2885-19/313859155_637285144568135_3648175267847628741_n.jpg?stp=dst-jpg_s150x150_tt6&efg=eyJ2ZW5jb2RlX3RhZyI6InByb2ZpbGVfcGljLmRqYW5nby45ODguYzIifQ&_nc_ht=scontent-ord5-1.cdninstagram.com&_nc_cat=111&_nc_oc=Q6cZ2gHja1n1z3WsN8Gv09Zp8VVku26DjXWjziEv0yrmlO81rqMA4Ccoj7SoIeOuCV73jIo&_nc_ohc=f9MQ252aEakQ7kNvwH0i8ku&_nc_gid=AlUQqbMgqVKTOA2aDPHajw&edm=APs17CUBAAAA&ccb=7-5&oh=00_Af0tt1wfJMdsCtYwebBKqrtdOXFTVDQEZCFIE4y7k3NQkg&oe=69E98A67&_nc_sid=10d13b;DKAHqt4x3uU
8265363749;mytwolovesusa;False;https://scontent-lga3-3.cdninstagram.com/v/t51.2885-19/416287251_1434040843842844_5205278978744098399_n.jpg?stp=dst-jpg_s150x150_tt6&efg=eyJ2ZW5jb2RlX3RhZyI6InByb2ZpbGVfcGljLmRqYW5nby4xMDgwLmMyIn0&_nc_ht=scontent-lga3-3.cdninstagram.com&_nc_cat=104&_nc_oc=Q6cZ2gEpqzeYWqu_z-HssitEBkNeScQKBgX9Ob1s4SNHn8KNn4DWehjClwVgL6tsKqvjFlQ&_nc_ohc=ldMKEYgs3gQQ7kNvwFzzAgP&_nc_gid=BXyeJUbo2MWwRpENLkeQYA&edm=APs17CUBAAAA&ccb=7-5&oh=00_Af2JjT51cxbZ1yMp7guY1L4qJXQI68oXXocsT7mW8I2JrA&oe=69E95C11&_nc_sid=10d13b;DKAkG0EpeK7
8143907533;simple_gastronomia_saudavel_;False;https://scontent-lga3-1.cdninstagram.com/v/t51.82787-19/658726460_18320272171267534_7045643910627015564_n.jpg?stp=dst-jpg_s150x150_tt6&efg=eyJ2ZW5jb2RlX3RhZyI6InByb2ZpbGVfcGljLmRqYW5nby4xMDgwLmMyIn0&_nc_ht=scontent-lga3-1.cdninstagram.com&_nc_cat=110&_nc_oc=Q6cZ2gEpqzeYWqu_z-HssitEBkNeScQKBgX9Ob1s4SNHn8KNn4DWehjClwVgL6tsKqvjFlQ&_nc_ohc=7RPKrkIDS_UQ7kNvwFY26wi&_nc_gid=BXyeJUbo2MWwRpENLkeQYA&edm=APs17CUBAAAA&ccb=7-5&oh=00_Af1kut3mzpoq1lt7tM__Gw1w4l_CGpsaMDfJgB8PmlByhg&oe=69E9702B&_nc_sid=10d13b;DKAkG0EpeK7
9006388164;berrettapedro;False;https://scontent-lga3-2.cdninstagram.com/v/t51.2885-19/488183523_1908025323305856_2503600554380196627_n.jpg?stp=dst-jpg_s150x150_tt6&efg=eyJ2ZW5jb2RlX3RhZyI6InByb2ZpbGVfcGljLmRqYW5nby4xMDgwLmMyIn0&_nc_ht=scontent-lga3-2.cdninstagram.com&_nc_cat=100&_nc_oc=Q6cZ2gEpqzeYWqu_z-HssitEBkNeScQKBgX9Ob1s4SNHn8KNn4DWehjClwVgL6tsKqvjFlQ&_nc_ohc=G-dqDrGLCIQQ7kNvwE-W3eK&_nc_gid=BXyeJUbo2MWwRpENLkeQYA&edm=APs17CUBAAAA&ccb=7-5&oh=00_Af2lgGOV85hsUoVpcIA63CFNibQUxLOR0LjVHYIEQVJ-MQ&oe=69E96618&_nc_sid=10d13b;DKAkG0EpeK7
302458906;carolfoscolo;False;https://scontent-lga3-1.cdninstagram.com/v/t51.82787-19/607323181_18544833100058907_104301502971266643_n.jpg?stp=dst-jpg_s150x150_tt6&efg=eyJ2ZW5jb2RlX3RhZyI6InByb2ZpbGVfcGljLmRqYW5nby4xMDgwLmMyIn0&_nc_ht=scontent-lga3-1.cdninstagram.com&_nc_cat=103&_nc_oc=Q6cZ2gEpqzeYWqu_z-HssitEBkNeScQKBgX9Ob1s4SNHn8KNn4DWehjClwVgL6tsKqvjFlQ&_nc_ohc=ri9YgGwQve0Q7kNvwFeccPY&_nc_gid=BXyeJUbo2MWwRpENLkeQYA&edm=APs17CUBAAAA&ccb=7-5&oh=00_Af3nZWkrX7uZyd3Kfc0b-rkr2RsWH6uVrwraQqhzT9PP-Q&oe=69E960FB&_nc_sid=10d13b;DKAkG0EpeK7
659272367;gabrielaaragaos;False;https://scontent-lga3-3.cdninstagram.com/v/t51.82787-19/605613943_18550376683008368_9059586331788531131_n.jpg?stp=dst-jpg_s150x150_tt6&efg=eyJ2ZW5jb2RlX3RhZyI6InByb2ZpbGVfcGljLmRqYW5nby44ODIuYzIifQ&_nc_ht=scontent-lga3-3.cdninstagram.com&_nc_cat=108&_nc_oc=Q6cZ2gEpqzeYWqu_z-HssitEBkNeScQKBgX9Ob1s4SNHn8KNn4DWehjClwVgL6tsKqvjFlQ&_nc_ohc=PWmCc-OGU7oQ7kNvwEH957-&_nc_gid=BXyeJUbo2MWwRpENLkeQYA&edm=APs17CUBAAAA&ccb=7-5&oh=00_Af3sDVYf_QbQblyi7EGYgmR52485GGkYn-WIDKgptbjSLA&oe=69E975A3&_nc_sid=10d13b;DKAkG0EpeK7
2182988279;geanefedrigo;False;https://scontent-lga3-1.cdninstagram.com/v/t51.2885-19/280541522_527667505517229_4481644960244675169_n.jpg?stp=dst-jpg_s150x150_tt6&efg=eyJ2ZW5jb2RlX3RhZyI6InByb2ZpbGVfcGljLmRqYW5nby43MjAuYzIifQ&_nc_ht=scontent-lga3-1.cdninstagram.com&_nc_cat=109&_nc_oc=Q6cZ2gEpqzeYWqu_z-HssitEBkNeScQKBgX9Ob1s4SNHn8KNn4DWehjClwVgL6tsKqvjFlQ&_nc_ohc=NTc_e8v_XC0Q7kNvwH63A2v&_nc_gid=BXyeJUbo2MWwRpENLkeQYA&edm=APs17CUBAAAA&ccb=7-5&oh=00_Af3_fLcy8XIQ53wHdYZBBf52QYyrfvniLIVccw0HyM0K-A&oe=69E9844B&_nc_sid=10d13b;DKAkG0EpeK7
215156629;claudiareginabozza;False;https://scontent-lga3-1.cdninstagram.com/v/t51.2885-19/225483272_413539269998271_42019614368842574_n.jpg?stp=dst-jpg_s150x150_tt6&efg=eyJ2ZW5jb2RlX3RhZyI6InByb2ZpbGVfcGljLmRqYW5nby41NDAuYzIifQ&_nc_ht=scontent-lga3-1.cdninstagram.com&_nc_cat=103&_nc_oc=Q6cZ2gEpqzeYWqu_z-HssitEBkNeScQKBgX9Ob1s4SNHn8KNn4DWehjClwVgL6tsKqvjFlQ&_nc_ohc=UsTtOGYjh30Q7kNvwGxV7mS&_nc_gid=BXyeJUbo2MWwRpENLkeQYA&edm=APs17CUBAAAA&ccb=7-5&oh=00_Af3LQ8kilOBnvsxHFFThMsKOMlEr2bRgoPsMlgBi2xkS7Q&oe=69E95D2E&_nc_sid=10d13b;DKAkG0EpeK7
49313422082;mell_caramelo_carioca;False;https://scontent-lga3-2.cdninstagram.com/v/t51.2885-19/241516324_4167585746704069_6944320050477709161_n.jpg?stp=dst-jpg_s150x150_tt6&efg=eyJ2ZW5jb2RlX3RhZyI6InByb2ZpbGVfcGljLmRqYW5nby4xMDgwLmMyIn0&_nc_ht=scontent-lga3-2.cdninstagram.com&_nc_cat=101&_nc_oc=Q6cZ2gEpqzeYWqu_z-HssitEBkNeScQKBgX9Ob1s4SNHn8KNn4DWehjClwVgL6tsKqvjFlQ&_nc_ohc=2Tjwa6zWij8Q7kNvwHYWydi&_nc_gid=BXyeJUbo2MWwRpENLkeQYA&edm=APs17CUBAAAA&ccb=7-5&oh=00_Af1BxdqZ0CcSvhLjc59PzHwdDd11t1Y7yYQZPM_AptH3UQ&oe=69E96871&_nc_sid=10d13b;DKAkG0EpeK7
3635642134;everton.rosa85;False;https://scontent-lga3-1.cdninstagram.com/v/t51.2885-19/449847477_1553134442265219_5890835321542024115_n.jpg?stp=dst-jpg_s150x150_tt6&efg=eyJ2ZW5jb2RlX3RhZyI6InByb2ZpbGVfcGljLmRqYW5nby4xMDgwLmMyIn0&_nc_ht=scontent-lga3-1.cdninstagram.com&_nc_cat=103&_nc_oc=Q6cZ2gEpqzeYWqu_z-HssitEBkNeScQKBgX9Ob1s4SNHn8KNn4DWehjClwVgL6tsKqvjFlQ&_nc_ohc=V9jR1TQOe-EQ7kNvwHE7DwB&_nc_gid=BXyeJUbo2MWwRpENLkeQYA&edm=APs17CUBAAAA&ccb=7-5&oh=00_Af1__TfZEeFMkS31kkAuH1dHokYEV21Pol2wTP3ZQ6IvNQ&oe=69E96F76&_nc_sid=10d13b;DKAkG0EpeK7
3122611276;nataliapenha_;False;https://scontent-iad3-1.cdninstagram.com/v/t51.82787-19/643001903_18450583873107277_5417463767023614582_n.jpg?stp=dst-jpg_s150x150_tt6&efg=eyJ2ZW5jb2RlX3RhZyI6InByb2ZpbGVfcGljLmRqYW5nby4xMDgwLmMyIn0&_nc_ht=scontent-iad3-1.cdninstagram.com&_nc_cat=101&_nc_oc=Q6cZ2gEeWKPa9NJw2Xxf0RjVj7Y7pjmmDPMEBErsxA7DmUyOhGryIHmIthpMQVCyXdItGgw&_nc_ohc=1D0tNm_MNvcQ7kNvwG1nqhb&_nc_gid=nvRbpiWQqnNXjIdBrx_BAw&edm=APs17CUBAAAA&ccb=7-5&oh=00_Af18pqS1svt8DYXh8oI-n9VVgsVKdCcCgqAf-MlLKCsNPA&oe=69E988EF&_nc_sid=10d13b;DKH12WeAaO7
68123226384;alcionemouracarvalho;False;https://scontent-iad6-1.cdninstagram.com/v/t51.82787-19/616009791_17916400011266385_5876453271430689742_n.jpg?stp=dst-jpg_s150x150_tt6&efg=eyJ2ZW5jb2RlX3RhZyI6InByb2ZpbGVfcGljLmRqYW5nby4xMDgwLmMyIn0&_nc_ht=scontent-iad6-1.cdninstagram.com&_nc_cat=109&_nc_oc=Q6cZ2gEeWKPa9NJw2Xxf0RjVj7Y7pjmmDPMEBErsxA7DmUyOhGryIHmIthpMQVCyXdItGgw&_nc_ohc=EnW_kEbpQhUQ7kNvwHwxcoy&_nc_gid=nvRbpiWQqnNXjIdBrx_BAw&edm=APs17CUBAAAA&ccb=7-5&oh=00_Af2ey7VJgqZVBxxSTgzG7jtpsf08dI9ZcJ_nqv8btpTeIg&oe=69E981BD&_nc_sid=10d13b;DKH12WeAaO7
47766806965;joaovcarvalho10;False;https://scontent-iad6-1.cdninstagram.com/v/t51.82787-19/613727651_18076405970598966_8063795034937185727_n.jpg?stp=dst-jpg_s150x150_tt6&efg=eyJ2ZW5jb2RlX3RhZyI6InByb2ZpbGVfcGljLmRqYW5nby4xMDgwLmMyIn0&_nc_ht=scontent-iad6-1.cdninstagram.com&_nc_cat=106&_nc_oc=Q6cZ2gEeWKPa9NJw2Xxf0RjVj7Y7pjmmDPMEBErsxA7DmUyOhGryIHmIthpMQVCyXdItGgw&_nc_ohc=OKJZowXsYKwQ7kNvwHnE6mG&_nc_gid=nvRbpiWQqnNXjIdBrx_BAw&edm=APs17CUBAAAA&ccb=7-5&oh=00_Af0_GO8NzpntqxsAnQMAaNz3BDfVJ_vHxuu_vH-Wa92a2Q&oe=69E982CB&_nc_sid=10d13b;DKH12WeAaO7
7509994246;luisa_minato;False;https://scontent-iad3-2.cdninstagram.com/v/t51.82787-19/624515923_18308122486250247_1449968120577993795_n.jpg?stp=dst-jpg_s150x150_tt6&efg=eyJ2ZW5jb2RlX3RhZyI6InByb2ZpbGVfcGljLmRqYW5nby4xMDgwLmMyIn0&_nc_ht=scontent-iad3-2.cdninstagram.com&_nc_cat=103&_nc_oc=Q6cZ2gEeWKPa9NJw2Xxf0RjVj7Y7pjmmDPMEBErsxA7DmUyOhGryIHmIthpMQVCyXdItGgw&_nc_ohc=qn0M3mm_QWYQ7kNvwEwvs0T&_nc_gid=nvRbpiWQqnNXjIdBrx_BAw&edm=APs17CUBAAAA&ccb=7-5&oh=00_Af2CZuheo78RHKbA8TZ9XyHUG8ivYtCYgLbeTJJnaWtMyQ&oe=69E9666A&_nc_sid=10d13b;DKH12WeAaO7
4396778113;a_myreya_;False;https://scontent-iad6-1.cdninstagram.com/v/t51.82787-19/589648017_18382322605146114_8624303563753721254_n.jpg?stp=dst-jpg_s150x150_tt6&efg=eyJ2ZW5jb2RlX3RhZyI6InByb2ZpbGVfcGljLmRqYW5nby4xMDgwLmMyIn0&_nc_ht=scontent-iad6-1.cdninstagram.com&_nc_cat=106&_nc_oc=Q6cZ2gEeWKPa9NJw2Xxf0RjVj7Y7pjmmDPMEBErsxA7DmUyOhGryIHmIthpMQVCyXdItGgw&_nc_ohc=pFtJ_ZI6EAoQ7kNvwFwnL5O&_nc_gid=nvRbpiWQqnNXjIdBrx_BAw&edm=APs17CUBAAAA&ccb=7-5&oh=00_Af1QgsrteUIT7kYjP-yEbphjKLsFtrnh1_jmqjAF_vUKtA&oe=69E987E3&_nc_sid=10d13b;DKH12WeAaO7
18788685408;jakedasneves;False;https://scontent-iad3-1.cdninstagram.com/v/t51.82787-19/561810227_18099088387629409_8925375048028969644_n.jpg?stp=dst-jpg_s150x150_tt6&efg=eyJ2ZW5jb2RlX3RhZyI6InByb2ZpbGVfcGljLmRqYW5nby4xMDgwLmMyIn0&_nc_ht=scontent-iad3-1.cdninstagram.com&_nc_cat=101&_nc_oc=Q6cZ2gEeWKPa9NJw2Xxf0RjVj7Y7pjmmDPMEBErsxA7DmUyOhGryIHmIthpMQVCyXdItGgw&_nc_ohc=NK3-DQy2ahkQ7kNvwGS9P6g&_nc_gid=nvRbpiWQqnNXjIdBrx_BAw&edm=APs17CUBAAAA&ccb=7-5&oh=00_Af3Wvd6lABLiViqWIZPtUl-tuTJ9X7b_FByc92gdzRKnWQ&oe=69E96BE3&_nc_sid=10d13b;DKH12WeAaO7
67612799816;cristhoffer_antunes;False;https://scontent-iad3-1.cdninstagram.com/v/t51.82787-19/670303971_17927409870255817_2378955092154697874_n.jpg?stp=dst-jpg_s150x150_tt6&efg=eyJ2ZW5jb2RlX3RhZyI6InByb2ZpbGVfcGljLmRqYW5nby4xMDgwLmMyIn0&_nc_ht=scontent-iad3-1.cdninstagram.com&_nc_cat=101&_nc_oc=Q6cZ2gEeWKPa9NJw2Xxf0RjVj7Y7pjmmDPMEBErsxA7DmUyOhGryIHmIthpMQVCyXdItGgw&_nc_ohc=0nnC7ptoKOgQ7kNvwEl5jb-&_nc_gid=nvRbpiWQqnNXjIdBrx_BAw&edm=APs17CUBAAAA&ccb=7-5&oh=00_Af1u1N1_AoIJQVA2BoYNYUSzOa242XKI_HGvMOcF5qx-RA&oe=69E986B7&_nc_sid=10d13b;DKH12WeAaO7
11652901206;dy_caabral;False;https://scontent-iad3-1.cdninstagram.com/v/t51.2885-19/489016888_1203667417268308_3816733850704346740_n.jpg?stp=dst-jpg_s150x150_tt6&efg=eyJ2ZW5jb2RlX3RhZyI6InByb2ZpbGVfcGljLmRqYW5nby4xMDgwLmMyIn0&_nc_ht=scontent-iad3-1.cdninstagram.com&_nc_cat=104&_nc_oc=Q6cZ2gEeWKPa9NJw2Xxf0RjVj7Y7pjmmDPMEBErsxA7DmUyOhGryIHmIthpMQVCyXdItGgw&_nc_ohc=xa5GNolNICYQ7kNvwEHTvQI&_nc_gid=nvRbpiWQqnNXjIdBrx_BAw&edm=APs17CUBAAAA&ccb=7-5&oh=00_Af1Vy3zdABMGAdpWUvARwlmYFh7_TUyc8pWV0-1Iqo_aLA&oe=69E967D0&_nc_sid=10d13b;DKH12WeAaO7
4644830565;sofonias_lopes;False;https://scontent-iad6-1.cdninstagram.com/v/t51.82787-19/658959936_18390023707158566_3834824023624330280_n.jpg?stp=dst-jpg_s150x150_tt6&efg=eyJ2ZW5jb2RlX3RhZyI6InByb2ZpbGVfcGljLmRqYW5nby4xMDgwLmMyIn0&_nc_ht=scontent-iad6-1.cdninstagram.com&_nc_cat=102&_nc_oc=Q6cZ2gEeWKPa9NJw2Xxf0RjVj7Y7pjmmDPMEBErsxA7DmUyOhGryIHmIthpMQVCyXdItGgw&_nc_ohc=Izbg6AnDFdgQ7kNvwEehFCS&_nc_gid=nvRbpiWQqnNXjIdBrx_BAw&edm=APs17CUBAAAA&ccb=7-5&oh=00_Af1hCp7a8r8TOoEnQKGjJhKmLubi4IjI-gIRZmlbKiZx4w&oe=69E96970&_nc_sid=10d13b;DKH12WeAaO7
5767602333;moicosaga;False;https://instagram.fsac1-1.fna.fbcdn.net/v/t51.2885-19/469748327_899430382365529_2561762383707602525_n.jpg?stp=dst-jpg_s150x150_tt6&efg=eyJ2ZW5jb2RlX3RhZyI6InByb2ZpbGVfcGljLmRqYW5nby4xMDgwLmMyIn0&_nc_ht=instagram.fsac1-1.fna.fbcdn.net&_nc_cat=101&_nc_oc=Q6cZ2gFfnsxJPeeBzl-FQtGl0Wwu9iptT_AnoW4dymIoPvibbDspjYkuQQ2UWkUkumGaA10&_nc_ohc=STofd78gFDkQ7kNvwGIpnsy&_nc_gid=PmHNEOBHlbA0DQzOK8dY1Q&edm=APs17CUBAAAA&ccb=7-5&oh=00_Af2Q8mK-xOveFLeTpJ-SMkQMsKMO12GGDx_Kd1aZjmpmSA&oe=69E9850B&_nc_sid=10d13b;DKHqNAsiCOw
338771164;annelacerdaremax;False;https://instagram.fsac1-2.fna.fbcdn.net/v/t51.82787-19/632822930_18564494110019165_7341416344755371238_n.jpg?stp=dst-jpg_s150x150_tt6&efg=eyJ2ZW5jb2RlX3RhZyI6InByb2ZpbGVfcGljLmRqYW5nby4xMDgwLmMyIn0&_nc_ht=instagram.fsac1-2.fna.fbcdn.net&_nc_cat=105&_nc_oc=Q6cZ2gFfnsxJPeeBzl-FQtGl0Wwu9iptT_AnoW4dymIoPvibbDspjYkuQQ2UWkUkumGaA10&_nc_ohc=O2OOb-y03QcQ7kNvwHLBnsI&_nc_gid=PmHNEOBHlbA0DQzOK8dY1Q&edm=APs17CUBAAAA&ccb=7-5&oh=00_Af2hxoOZ6qIK1YYSM3LkVDW9rRpHr9OHuZKCl_k7fSeO8A&oe=69E96F0A&_nc_sid=10d13b;DKHqNAsiCOw
69500562666;_otiiago_;False;https://instagram.fsac1-2.fna.fbcdn.net/v/t51.82787-19/581714104_17902364439314667_6431993092002435517_n.jpg?stp=dst-jpg_s150x150_tt6&efg=eyJ2ZW5jb2RlX3RhZyI6InByb2ZpbGVfcGljLmRqYW5nby44NDkuYzIifQ&_nc_ht=instagram.fsac1-2.fna.fbcdn.net&_nc_cat=103&_nc_oc=Q6cZ2gFfnsxJPeeBzl-FQtGl0Wwu9iptT_AnoW4dymIoPvibbDspjYkuQQ2UWkUkumGaA10&_nc_ohc=PQYt1G38NO8Q7kNvwFkcsEW&_nc_gid=PmHNEOBHlbA0DQzOK8dY1Q&edm=APs17CUBAAAA&ccb=7-5&oh=00_Af1SRLxd6Rm-Y4sSLXfmWvVv1yWhk5ocKIoTxjJbh4q6Yg&oe=69E97E10&_nc_sid=10d13b;DKHqNAsiCOw
1613512388;eltonz_;False;https://instagram.fsac1-2.fna.fbcdn.net/v/t51.82787-19/525848784_18515089567008389_7041715366172713506_n.jpg?stp=dst-jpg_s150x150_tt6&efg=eyJ2ZW5jb2RlX3RhZyI6InByb2ZpbGVfcGljLmRqYW5nby4xMDgwLmMyIn0&_nc_ht=instagram.fsac1-2.fna.fbcdn.net&_nc_cat=105&_nc_oc=Q6cZ2gFfnsxJPeeBzl-FQtGl0Wwu9iptT_AnoW4dymIoPvibbDspjYkuQQ2UWkUkumGaA10&_nc_ohc=ENXWsDzdr_8Q7kNvwGpQ4L7&_nc_gid=PmHNEOBHlbA0DQzOK8dY1Q&edm=APs17CUBAAAA&ccb=7-5&oh=00_Af3qMwb4SPZMONciha93xuhi4mV91qQeKOgwMsKT2bKNpQ&oe=69E95956&_nc_sid=10d13b;DKHqNAsiCOw
3118560510;laurnvs;False;https://instagram.fsac1-1.fna.fbcdn.net/v/t51.2885-19/359218711_825792938964020_2963599341157975777_n.jpg?stp=dst-jpg_s150x150_tt6&efg=eyJ2ZW5jb2RlX3RhZyI6InByb2ZpbGVfcGljLmRqYW5nby4xMDgwLmMyIn0&_nc_ht=instagram.fsac1-1.fna.fbcdn.net&_nc_cat=108&_nc_oc=Q6cZ2gFfnsxJPeeBzl-FQtGl0Wwu9iptT_AnoW4dymIoPvibbDspjYkuQQ2UWkUkumGaA10&_nc_ohc=isTuzF-hj_sQ7kNvwE-S_Q6&_nc_gid=PmHNEOBHlbA0DQzOK8dY1Q&edm=APs17CUBAAAA&ccb=7-5&oh=00_Af3RUGj1WDUyii2HcsaGXBypmftJIA32f1oYH_fUxrde3A&oe=69E988F0&_nc_sid=10d13b;DKHqNAsiCOw
68623816243;cosaiufsm;False;https://instagram.fsac1-2.fna.fbcdn.net/v/t51.2885-19/471404840_960125512680489_7662455447134439869_n.jpg?stp=dst-jpg_s150x150_tt6&efg=eyJ2ZW5jb2RlX3RhZyI6InByb2ZpbGVfcGljLmRqYW5nby4xMDgwLmMyIn0&_nc_ht=instagram.fsac1-2.fna.fbcdn.net&_nc_cat=109&_nc_oc=Q6cZ2gFfnsxJPeeBzl-FQtGl0Wwu9iptT_AnoW4dymIoPvibbDspjYkuQQ2UWkUkumGaA10&_nc_ohc=RDJsK8zXBtMQ7kNvwEkdrTT&_nc_gid=PmHNEOBHlbA0DQzOK8dY1Q&edm=APs17CUBAAAA&ccb=7-5&oh=00_Af3g5ciAMqYr0FFOiDAGTardFOWB95koL3U42yLKk9bFMA&oe=69E978DD&_nc_sid=10d13b;DKHqNAsiCOw
4270881849;cineclubedaboca;False;https://scontent-iad3-1.cdninstagram.com/v/t51.2885-19/449796308_1855757018163385_2596442936614888162_n.jpg?stp=dst-jpg_s150x150_tt6&efg=eyJ2ZW5jb2RlX3RhZyI6InByb2ZpbGVfcGljLmRqYW5nby4xMDgwLmMyIn0&_nc_ht=scontent-iad3-1.cdninstagram.com&_nc_cat=101&_nc_oc=Q6cZ2gFSaWphnXp7uiREZX7xhxxAkpA06K-di7A_7ufBtV8wV1sbtDLfjJXWsG1YDr8rJe4&_nc_ohc=UcV0U9qV59gQ7kNvwGHSqan&_nc_gid=yUBl0EwNb_kfqi-vsq4t2Q&edm=APs17CUBAAAA&ccb=7-5&oh=00_Af05mq0LPpyt1Emv0BIEns_M0xNmKiqVkOvYBo8g_MuDVg&oe=69E95CC0&_nc_sid=10d13b;DKIPG0Hp-MT
55536257612;samsanram123;False;https://scontent-atl3-3.cdninstagram.com/v/t51.82787-19/650387285_18008101199849613_6441756943216792541_n.jpg?stp=dst-jpg_s150x150_tt6&efg=eyJ2ZW5jb2RlX3RhZyI6InByb2ZpbGVfcGljLmRqYW5nby4xMDgwLmMyIn0&_nc_ht=scontent-atl3-3.cdninstagram.com&_nc_cat=109&_nc_oc=Q6cZ2gFEfH4JFPDTURn138q6gUBOWbCBncswzhd__jaKb4vZNpeYxcIGx257TAaJF7Qx_eg&_nc_ohc=t8INp4wZaxYQ7kNvwFmGrC0&_nc_gid=bxs5KqIqV-aksaEuWYQSWg&edm=APs17CUBAAAA&ccb=7-5&oh=00_Af3bGz8VXhPY_AIutxcxknli0q60xlmPYvf3JwPjt9-GmA&oe=69E97424&_nc_sid=10d13b;DKK1ISuO5qS
48382406596;gabrielrtt_;False;https://scontent-atl3-2.cdninstagram.com/v/t51.82787-19/542769250_18059045093614597_6620820945201841420_n.jpg?stp=dst-jpg_s150x150_tt6&efg=eyJ2ZW5jb2RlX3RhZyI6InByb2ZpbGVfcGljLmRqYW5nby4xMDA0LmMyIn0&_nc_ht=scontent-atl3-2.cdninstagram.com&_nc_cat=101&_nc_oc=Q6cZ2gFEfH4JFPDTURn138q6gUBOWbCBncswzhd__jaKb4vZNpeYxcIGx257TAaJF7Qx_eg&_nc_ohc=COmXT3WOILsQ7kNvwEcSp3K&_nc_gid=bxs5KqIqV-aksaEuWYQSWg&edm=APs17CUBAAAA&ccb=7-5&oh=00_Af2iKSTgoeyehaO67pMqyywwAVzXtDEPGPeO7Ay7imTerA&oe=69E96928&_nc_sid=10d13b;DKK1ISuO5qS
3231014885;progradufsm;False;https://scontent-atl3-3.cdninstagram.com/v/t51.82787-19/656904413_18452091412110886_5191388453947440167_n.jpg?stp=dst-jpg_s150x150_tt6&efg=eyJ2ZW5jb2RlX3RhZyI6InByb2ZpbGVfcGljLmRqYW5nby4xNTAuYzIifQ&_nc_ht=scontent-atl3-3.cdninstagram.com&_nc_cat=110&_nc_oc=Q6cZ2gFEfH4JFPDTURn138q6gUBOWbCBncswzhd__jaKb4vZNpeYxcIGx257TAaJF7Qx_eg&_nc_ohc=2yB1abShFOwQ7kNvwGTz8Kh&_nc_gid=bxs5KqIqV-aksaEuWYQSWg&edm=APs17CUBAAAA&ccb=7-5&oh=00_Af1F7WDmlwRMofx9XrMBguxWC6SvWGfRpy8fjubBEyEqvA&oe=69E987B0&_nc_sid=10d13b;DKK1ISuO5qS
2287602939;sammy_filiman;False;https://scontent-atl3-2.cdninstagram.com/v/t51.82787-19/642068301_18519821311074940_9098308509581572500_n.jpg?stp=dst-jpg_s150x150_tt6&efg=eyJ2ZW5jb2RlX3RhZyI6InByb2ZpbGVfcGljLmRqYW5nby4xMDgwLmMyIn0&_nc_ht=scontent-atl3-2.cdninstagram.com&_nc_cat=104&_nc_oc=Q6cZ2gFEfH4JFPDTURn138q6gUBOWbCBncswzhd__jaKb4vZNpeYxcIGx257TAaJF7Qx_eg&_nc_ohc=KdOai_drVAsQ7kNvwHGj-iy&_nc_gid=bxs5KqIqV-aksaEuWYQSWg&edm=APs17CUBAAAA&ccb=7-5&oh=00_Af3U586D1pWkO5FiVHSGe7sTECfvw4nZdPoB64FTb0BR_Q&oe=69E9557C&_nc_sid=10d13b;DKK1ISuO5qS
1652367141;diule_alves___;False;https://scontent-atl3-2.cdninstagram.com/v/t51.82787-19/565744099_18540483409015142_2384118149263361010_n.jpg?stp=dst-jpg_s150x150_tt6&efg=eyJ2ZW5jb2RlX3RhZyI6InByb2ZpbGVfcGljLmRqYW5nby43NjYuYzIifQ&_nc_ht=scontent-atl3-2.cdninstagram.com&_nc_cat=102&_nc_oc=Q6cZ2gFEfH4JFPDTURn138q6gUBOWbCBncswzhd__jaKb4vZNpeYxcIGx257TAaJF7Qx_eg&_nc_ohc=lt6NAa9yWNYQ7kNvwF7VAz9&_nc_gid=bxs5KqIqV-aksaEuWYQSWg&edm=APs17CUBAAAA&ccb=7-5&oh=00_Af325AGgBFiuMjWlLemDlDZ9QxKc5yWJnJj4PdZVLfzFDA&oe=69E96DE5&_nc_sid=10d13b;DKK1ISuO5qS
74856096763;tortacombrocolis;False;https://instagram.fros9-1.fna.fbcdn.net/v/t51.2885-19/573323465_1219825463302212_7278921664109726296_n.png?stp=dst-webp&efg=eyJ2ZW5jb2RlX3RhZyI6InByb2ZpbGVfcGljLmRqYW5nby4xNTAuYzIifQ&_nc_ht=instagram.fros9-1.fna.fbcdn.net&_nc_cat=1&_nc_oc=Q6cZ2gFLLiWFy60alZ9p94MRSd8tZDnAkCJctGuYGwT7Xwq3mFT1DnS-97u0iKqN3xpqpMUxILqUoYIOygVFOZmRV8wK&_nc_ohc=bp7lUiPCqnEQ7kNvwH3e7Ch&_nc_gid=vjDEXBLxUX96qOALpq_yBQ&edm=AEsR1pMBAAAA&ccb=7-5&ig_cache_key=YW5vbnltb3VzX3Byb2ZpbGVfcGlj.3-ccb7-5&oh=00_Af08SujNB2unFSHGoqKx3aBV8nNuOfLlysr4AJ4Z4czsVw&oe=69E9656A&_nc_sid=e2f88a;DKPaci-t7V9
7585824434;radiosufsm;False;https://instagram.fagc1-2.fna.fbcdn.net/v/t51.2885-19/313859155_637285144568135_3648175267847628741_n.jpg?stp=dst-jpg_s150x150_tt6&efg=eyJ2ZW5jb2RlX3RhZyI6InByb2ZpbGVfcGljLmRqYW5nby45ODguYzIifQ&_nc_ht=instagram.fagc1-2.fna.fbcdn.net&_nc_cat=111&_nc_oc=Q6cZ2gEYUfTXd53dOl2k7yZuuhaQ0s1xbzZlMnd9mr1P3eHh5IffFqYrPRZiF6LpfFZbLBQ&_nc_ohc=f9MQ252aEakQ7kNvwGHMo4F&_nc_gid=PYraXg0SngybljH-EgvSxg&edm=APs17CUBAAAA&ccb=7-5&oh=00_Af0YcFoX34EypTrflIgG_B63U4OY9LGGgCrCOewUeRgLog&oe=69E98A67&_nc_sid=10d13b;DKPaci-t7V9
1150701755;djarts_8;False;https://scontent-iad3-1.cdninstagram.com/v/t51.82787-19/658730605_18572173762045756_280301908155032078_n.jpg?stp=dst-jpg_s150x150_tt6&efg=eyJ2ZW5jb2RlX3RhZyI6InByb2ZpbGVfcGljLmRqYW5nby4xMDgwLmMyIn0&_nc_ht=scontent-iad3-1.cdninstagram.com&_nc_cat=104&_nc_oc=Q6cZ2gHHyJQ7z3nnnKkSsc0tkYnIOFfFwumtOjEyIiAy4nZFW9rax4RZlhBevGN2_VA5AQ8&_nc_ohc=l8kv5wDbqtMQ7kNvwH64ryG&_nc_gid=Wb1y-6Rb8AFndrwYwxepjw&edm=APs17CUBAAAA&ccb=7-5&oh=00_Af2-UPndswysyhUJfMr8U5CTCQNhrruaEelwez1oRGb2IQ&oe=69E95A16&_nc_sid=10d13b;DKPeLWNtI9U
7023016127;elicosta.68;False;https://scontent-iad3-1.cdninstagram.com/v/t51.82787-19/626527206_18345226861232128_830934830522977945_n.jpg?stp=dst-jpg_s150x150_tt6&efg=eyJ2ZW5jb2RlX3RhZyI6InByb2ZpbGVfcGljLmRqYW5nby4xMDgwLmMyIn0&_nc_ht=scontent-iad3-1.cdninstagram.com&_nc_cat=104&_nc_oc=Q6cZ2gHHyJQ7z3nnnKkSsc0tkYnIOFfFwumtOjEyIiAy4nZFW9rax4RZlhBevGN2_VA5AQ8&_nc_ohc=sBG45RmM0mAQ7kNvwH0qFXS&_nc_gid=Wb1y-6Rb8AFndrwYwxepjw&edm=APs17CUBAAAA&ccb=7-5&oh=00_Af0DXWDetgMl-JzTTo1_RyE-dMQOv_l1B3JlFpoMevCkxQ&oe=69E96FA2&_nc_sid=10d13b;DKPeLWNtI9U
63854164480;lisiane_ribeiro_adv;False;https://scontent-iad3-1.cdninstagram.com/v/t51.2885-19/501221889_17912660412132481_6333221899444793406_n.jpg?stp=dst-jpg_s150x150_tt6&efg=eyJ2ZW5jb2RlX3RhZyI6InByb2ZpbGVfcGljLmRqYW5nby4xMDgwLmMyIn0&_nc_ht=scontent-iad3-1.cdninstagram.com&_nc_cat=101&_nc_oc=Q6cZ2gHHyJQ7z3nnnKkSsc0tkYnIOFfFwumtOjEyIiAy4nZFW9rax4RZlhBevGN2_VA5AQ8&_nc_ohc=u6bs3vNZsKYQ7kNvwHMXFAF&_nc_gid=Wb1y-6Rb8AFndrwYwxepjw&edm=APs17CUBAAAA&ccb=7-5&oh=00_Af0F_NxNINJzKufGRcWzhlNYT5ooyf7aqHIqBdrC78nXgA&oe=69E97083&_nc_sid=10d13b;DKPeLWNtI9U
14067516866;claudiarosanemen;False;https://scontent-iad6-1.cdninstagram.com/v/t51.82787-19/652011402_18145562743468867_6556699770205869364_n.jpg?stp=dst-jpg_s150x150_tt6&efg=eyJ2ZW5jb2RlX3RhZyI6InByb2ZpbGVfcGljLmRqYW5nby4xMDgwLmMyIn0&_nc_ht=scontent-iad6-1.cdninstagram.com&_nc_cat=107&_nc_oc=Q6cZ2gHHyJQ7z3nnnKkSsc0tkYnIOFfFwumtOjEyIiAy4nZFW9rax4RZlhBevGN2_VA5AQ8&_nc_ohc=1zQabuAMET0Q7kNvwENqUsk&_nc_gid=Wb1y-6Rb8AFndrwYwxepjw&edm=APs17CUBAAAA&ccb=7-5&oh=00_Af0VOxiTPofj72KjjdbZovRpebNn0_o5Dq0Xlcd5hfG5Xg&oe=69E9878A&_nc_sid=10d13b;DKPeLWNtI9U
191190833;giovannabl;False;https://scontent-iad6-1.cdninstagram.com/v/t51.82787-19/552100061_18530115079022834_7835869024562250319_n.jpg?stp=dst-jpg_s150x150_tt6&efg=eyJ2ZW5jb2RlX3RhZyI6InByb2ZpbGVfcGljLmRqYW5nby4xMDgwLmMyIn0&_nc_ht=scontent-iad6-1.cdninstagram.com&_nc_cat=102&_nc_oc=Q6cZ2gHHyJQ7z3nnnKkSsc0tkYnIOFfFwumtOjEyIiAy4nZFW9rax4RZlhBevGN2_VA5AQ8&_nc_ohc=fpNwhvnD2lsQ7kNvwGRWeeO&_nc_gid=Wb1y-6Rb8AFndrwYwxepjw&edm=APs17CUBAAAA&ccb=7-5&oh=00_Af3oos31TGxNYxSTQG9sTTiOHpzpG2OaeuFppCBpv1W0fQ&oe=69E95E40&_nc_sid=10d13b;DKPeLWNtI9U
1111779421;mariliavero;False;https://scontent-iad6-1.cdninstagram.com/v/t51.2885-19/471930937_594346019982134_5430812353912470044_n.jpg?stp=dst-jpg_s150x150_tt6&efg=eyJ2ZW5jb2RlX3RhZyI6InByb2ZpbGVfcGljLmRqYW5nby4xMDgwLmMyIn0&_nc_ht=scontent-iad6-1.cdninstagram.com&_nc_cat=102&_nc_oc=Q6cZ2gHHyJQ7z3nnnKkSsc0tkYnIOFfFwumtOjEyIiAy4nZFW9rax4RZlhBevGN2_VA5AQ8&_nc_ohc=TcJrMtJ3jMoQ7kNvwH3aUpS&_nc_gid=Wb1y-6Rb8AFndrwYwxepjw&edm=APs17CUBAAAA&ccb=7-5&oh=00_Af1HABhpe2ormefJcv40ChteDZgwg0SMhXW5L79PknVtEQ&oe=69E9823F&_nc_sid=10d13b;DKPeLWNtI9U
56376985118;marta.g.o.s;False;https://scontent-iad3-2.cdninstagram.com/v/t51.2885-19/315448613_712542129764189_2252258925822842144_n.jpg?stp=dst-jpg_s150x150_tt6&efg=eyJ2ZW5jb2RlX3RhZyI6InByb2ZpbGVfcGljLmRqYW5nby45NTkuYzIifQ&_nc_ht=scontent-iad3-2.cdninstagram.com&_nc_cat=105&_nc_oc=Q6cZ2gHHyJQ7z3nnnKkSsc0tkYnIOFfFwumtOjEyIiAy4nZFW9rax4RZlhBevGN2_VA5AQ8&_nc_ohc=k_rY2kXrhHAQ7kNvwFqUUD3&_nc_gid=Wb1y-6Rb8AFndrwYwxepjw&edm=APs17CUBAAAA&ccb=7-5&oh=00_Af0qo9r6giObRagDleCObxSkiSQdKJbvtMGDzAANUFbyAA&oe=69E97CD8&_nc_sid=10d13b;DKPeLWNtI9U
8591707770;andreiaguasso;False;https://scontent-iad3-2.cdninstagram.com/v/t51.82787-19/527233676_18281585503283771_1523084829267274864_n.jpg?stp=dst-jpg_s150x150_tt6&efg=eyJ2ZW5jb2RlX3RhZyI6InByb2ZpbGVfcGljLmRqYW5nby4xMDgwLmMyIn0&_nc_ht=scontent-iad3-2.cdninstagram.com&_nc_cat=111&_nc_oc=Q6cZ2gHHyJQ7z3nnnKkSsc0tkYnIOFfFwumtOjEyIiAy4nZFW9rax4RZlhBevGN2_VA5AQ8&_nc_ohc=kA0uW7Lkr9IQ7kNvwHgCzTA&_nc_gid=Wb1y-6Rb8AFndrwYwxepjw&edm=APs17CUBAAAA&ccb=7-5&oh=00_Af0eH8ok02n6WCnCrQ3ZYRiZ3m-chuBnLww5JuDsjJZtfw&oe=69E9748F&_nc_sid=10d13b;DKPeLWNtI9U
68257399399;nelci.lourenco.1612;False;https://scontent-iad6-1.cdninstagram.com/v/t51.2885-19/454847486_459938843529513_2751632453085411144_n.jpg?stp=dst-jpg_s150x150_tt6&efg=eyJ2ZW5jb2RlX3RhZyI6InByb2ZpbGVfcGljLmRqYW5nby4xMDgwLmMyIn0&_nc_ht=scontent-iad6-1.cdninstagram.com&_nc_cat=109&_nc_oc=Q6cZ2gHHyJQ7z3nnnKkSsc0tkYnIOFfFwumtOjEyIiAy4nZFW9rax4RZlhBevGN2_VA5AQ8&_nc_ohc=boVvF5pRFjgQ7kNvwEzUkpk&_nc_gid=Wb1y-6Rb8AFndrwYwxepjw&edm=APs17CUBAAAA&ccb=7-5&oh=00_Af27VYUdnUOBpab-IX733l11Hfx1WPQnVrSKPxh2Q1-66Q&oe=69E95D0D&_nc_sid=10d13b;DKPeLWNtI9U
43820383128;biologicas.ufsm.pm;False;https://scontent-iad3-1.cdninstagram.com/v/t51.2885-19/457737438_891469812889297_3436888151765515032_n.jpg?stp=dst-jpg_s150x150_tt6&efg=eyJ2ZW5jb2RlX3RhZyI6InByb2ZpbGVfcGljLmRqYW5nby4xMDIzLmMyIn0&_nc_ht=scontent-iad3-1.cdninstagram.com&_nc_cat=101&_nc_oc=Q6cZ2gEFZsjtXgBodB66NTB0k8PshtdQVcTYVPVQGn7G69b2TaqBiw19yynt5jdj2kqZLPg&_nc_ohc=9n_4TMIun2MQ7kNvwFvULza&_nc_gid=sDdVvHuhP9-65NJdBajl1g&edm=APs17CUBAAAA&ccb=7-5&oh=00_Af337NSqilk5vu5iY9V-QZlEIE5sjvq2ltR0ylgq3oRHMA&oe=69E98054&_nc_sid=10d13b;DKQG98CJb9r
3064133297;ufsmpm;False;https://scontent-iad3-1.cdninstagram.com/v/t51.2885-19/310364055_1241236973276050_6260298530568806554_n.jpg?stp=dst-jpg_s150x150_tt6&efg=eyJ2ZW5jb2RlX3RhZyI6InByb2ZpbGVfcGljLmRqYW5nby4xMDgwLmMyIn0&_nc_ht=scontent-iad3-1.cdninstagram.com&_nc_cat=110&_nc_oc=Q6cZ2gEFZsjtXgBodB66NTB0k8PshtdQVcTYVPVQGn7G69b2TaqBiw19yynt5jdj2kqZLPg&_nc_ohc=OpI9sWH0wxIQ7kNvwENEMXM&_nc_gid=sDdVvHuhP9-65NJdBajl1g&edm=APs17CUBAAAA&ccb=7-5&oh=00_Af03Trwf02XwBAZ0bX7dlgYo8Ul02CkQMrkg4e9VODFZNA&oe=69E979E2&_nc_sid=10d13b;DKQG98CJb9r
10514010228;claudia_m_ferrari;False;https://scontent-iad6-1.cdninstagram.com/v/t51.2885-19/471677283_1354147455576787_2261359299186131469_n.jpg?stp=dst-jpg_s150x150_tt6&efg=eyJ2ZW5jb2RlX3RhZyI6InByb2ZpbGVfcGljLmRqYW5nby4xMDgwLmMyIn0&_nc_ht=scontent-iad6-1.cdninstagram.com&_nc_cat=107&_nc_oc=Q6cZ2gEFZsjtXgBodB66NTB0k8PshtdQVcTYVPVQGn7G69b2TaqBiw19yynt5jdj2kqZLPg&_nc_ohc=8TDMDBKKy3AQ7kNvwHxpLeV&_nc_gid=sDdVvHuhP9-65NJdBajl1g&edm=APs17CUBAAAA&ccb=7-5&oh=00_Af2R539Uz370uPWdkGyemF6ynFXo2nw-xzAkKhXN_vDrCA&oe=69E96BA9&_nc_sid=10d13b;DKQG98CJb9r
